{"PercentLackOfCohesion": {"q0": 0.0, "q1": 0.0, "q2": 0.0, "q3": 52.5, "q4": 100.0, "Variance": 1069.7296366892435}, "CountClassCoupled": {"q0": 0.0, "q1": 1.0, "q2": 2.0, "q3": 5.0, "q4": 47.0, "Variance": 24.582151854827927}, "MaxNesting": {"q0": 0.0, "q1": 0.0, "q2": 0.0, "q3": 1.0, "q4": 5.0, "Variance": 0.8545463046425882}, "AvgCyclomatic": {"q0": 0.0, "q1": 1.0, "q2": 1.0, "q3": 1.0, "q4": 9.0, "Variance": 0.5903307777370632}, "MaxCyclomatic": {"q0": 0.0, "q1": 1.0, "q2": 1.0, "q3": 3.0, "q4": 34.0, "Variance": 5.2481632218127805}, "SumCyclomatic": {"q0": 0.0, "q1": 0.0, "q2": 7.0, "q3": 23.0, "q4": 99.0, "Variance": 472.4091527388301}, "CountLine": {"q0": 2.0, "q1": 11.0, "q2": 40.0, "q3": 111.0, "q4": 1073.0, "Variance": 15603.356365957325}, "CountLineBlank": {"q0": 0.0, "q1": 0.0, "q2": 5.0, "q3": 12.5, "q4": 130.0, "Variance": 218.4671206646653}, "CountLineCode": {"q0": 2.0, "q1": 9.0, "q2": 29.0, "q3": 80.0, "q4": 929.0, "Variance": 8602.651710756229}, "CountLineCodeDecl": {"q0": 0.0, "q1": 2.0, "q2": 11.0, "q3": 28.0, "q4": 291.0, "Variance": 919.5229193600824}, "CountLineCodeExe": {"q0": 0.0, "q1": 5.0, "q2": 13.0, "q3": 43.0, "q4": 736.0, "Variance": 3766.683717506396}, "CountLineComment": {"q0": 0.0, "q1": 0.0, "q2": 3.0, "q3": 12.0, "q4": 398.0, "Variance": 1006.1168296398426}, "CountStmt": {"q0": 1.0, "q1": 5.0, "q2": 16.0, "q3": 50.0, "q4": 680.0, "Variance": 3981.1052375769427}, "CountDeclInstanceVariable": {"q0": 0.0, "q1": 0.0, "q2": 0.0, "q3": 3.0, "q4": 33.0, "Variance": 19.17372001813672}, "CountDeclInstanceMethod": {"q0": 0.0, "q1": 1.0, "q2": 2.0, "q3": 7.0, "q4": 56.0, "Variance": 57.16366435753266}}