{"PercentLackOfCohesion": {"q0": 0.0, "q1": 0.0, "q2": 0.0, "q3": 50.0, "q4": 100.0, "Variance": 1042.2762167125804}, "CountClassCoupled": {"q0": 0.0, "q1": 1.0, "q2": 2.0, "q3": 5.0, "q4": 40.0, "Variance": 23.2146189164371}, "MaxNesting": {"q0": 0.0, "q1": 0.0, "q2": 0.0, "q3": 1.0, "q4": 5.0, "Variance": 0.8463544536271808}, "AvgCyclomatic": {"q0": 0.0, "q1": 1.0, "q2": 1.0, "q3": 1.0, "q4": 9.0, "Variance": 0.5463302112029385}, "MaxCyclomatic": {"q0": 0.0, "q1": 1.0, "q2": 1.0, "q3": 3.0, "q4": 34.0, "Variance": 5.157465564738292}, "SumCyclomatic": {"q0": 0.0, "q1": 0.0, "q2": 7.0, "q3": 23.0, "q4": 99.0, "Variance": 480.1251996326905}, "CountLine": {"q0": 2.0, "q1": 10.0, "q2": 41.0, "q3": 117.0, "q4": 1060.0, "Variance": 14643.483101561067}, "CountLineBlank": {"q0": 0.0, "q1": 0.0, "q2": 5.0, "q3": 13.0, "q4": 98.0, "Variance": 204.6991280073462}, "CountLineCode": {"q0": 2.0, "q1": 9.0, "q2": 29.0, "q3": 83.0, "q4": 916.0, "Variance": 8251.425448668504}, "CountLineCodeDecl": {"q0": 0.0, "q1": 2.0, "q2": 12.0, "q3": 28.0, "q4": 290.0, "Variance": 845.2114512396696}, "CountLineCodeExe": {"q0": 0.0, "q1": 5.0, "q2": 13.0, "q3": 46.0, "q4": 723.0, "Variance": 3673.4303764921947}, "CountLineComment": {"q0": 0.0, "q1": 0.0, "q2": 3.0, "q3": 13.0, "q4": 320.0, "Variance": 878.0170431588614}, "CountStmt": {"q0": 1.0, "q1": 4.0, "q2": 16.0, "q3": 53.0, "q4": 667.0, "Variance": 3977.610675482093}, "CountDeclInstanceVariable": {"q0": 0.0, "q1": 0.0, "q2": 0.0, "q3": 3.0, "q4": 32.0, "Variance": 18.464431955922866}, "CountDeclInstanceMethod": {"q0": 0.0, "q1": 1.0, "q2": 2.0, "q3": 7.0, "q4": 51.0, "Variance": 52.700714784205694}}