{"PercentLackOfCohesion": {"q0": 0.0, "q1": 0.0, "q2": 0.0, "q3": 50.5, "q4": 100.0, "Variance": 1018.0321300833137}, "CountClassCoupled": {"q0": 0.0, "q1": 1.0, "q2": 2.0, "q3": 5.0, "q4": 36.0, "Variance": 22.605341602171148}, "MaxNesting": {"q0": 0.0, "q1": 0.0, "q2": 0.0, "q3": 1.0, "q4": 5.0, "Variance": 0.8365660078806716}, "AvgCyclomatic": {"q0": 0.0, "q1": 1.0, "q2": 1.0, "q3": 1.0, "q4": 11.0, "Variance": 0.6918007354519973}, "MaxCyclomatic": {"q0": 0.0, "q1": 1.0, "q2": 1.0, "q3": 3.0, "q4": 20.0, "Variance": 4.951479898870514}, "SumCyclomatic": {"q0": 0.0, "q1": 0.0, "q2": 8.0, "q3": 25.0, "q4": 99.0, "Variance": 530.2312863059303}, "CountLine": {"q0": 2.0, "q1": 11.0, "q2": 43.0, "q3": 117.0, "q4": 1108.0, "Variance": 14673.976187758843}, "CountLineBlank": {"q0": 0.0, "q1": 0.0, "q2": 5.0, "q3": 13.0, "q4": 173.0, "Variance": 226.1610566367675}, "CountLineCode": {"q0": 2.0, "q1": 9.0, "q2": 30.0, "q3": 83.0, "q4": 884.0, "Variance": 8228.20201523906}, "CountLineCodeDecl": {"q0": 0.0, "q1": 2.0, "q2": 11.0, "q3": 28.0, "q4": 237.0, "Variance": 749.7154446853824}, "CountLineCodeExe": {"q0": 0.0, "q1": 5.0, "q2": 14.0, "q3": 45.0, "q4": 774.0, "Variance": 3917.9600395387665}, "CountLineComment": {"q0": 0.0, "q1": 0.0, "q2": 3.0, "q3": 14.0, "q4": 320.0, "Variance": 856.3856577188611}, "CountStmt": {"q0": 1.0, "q1": 5.0, "q2": 17.0, "q3": 53.5, "q4": 673.0, "Variance": 4061.3297947040487}, "CountDeclInstanceVariable": {"q0": 0.0, "q1": 0.0, "q2": 0.0, "q3": 3.0, "q4": 31.0, "Variance": 17.329906898199283}, "CountDeclInstanceMethod": {"q0": 0.0, "q1": 1.0, "q2": 3.0, "q3": 8.0, "q4": 42.0, "Variance": 47.95945148666921}}