{"PercentLackOfCohesion": {"q0": 0.0, "q1": 0.0, "q2": 0.0, "q3": 55.0, "q4": 100.0, "Variance": 1054.8941390615396}, "CountClassCoupled": {"q0": 0.0, "q1": 1.0, "q2": 2.0, "q3": 5.0, "q4": 46.0, "Variance": 25.96506795983881}, "MaxNesting": {"q0": 0.0, "q1": 0.0, "q2": 0.0, "q3": 1.0, "q4": 6.0, "Variance": 0.9109104569360014}, "AvgCyclomatic": {"q0": 0.0, "q1": 1.0, "q2": 1.0, "q3": 1.0, "q4": 12.0, "Variance": 0.6952455433372038}, "MaxCyclomatic": {"q0": 0.0, "q1": 1.0, "q2": 1.0, "q3": 3.0, "q4": 39.0, "Variance": 6.904876033057851}, "SumCyclomatic": {"q0": 0.0, "q1": 0.0, "q2": 5.0, "q3": 19.0, "q4": 99.0, "Variance": 385.52866675773515}, "CountLine": {"q0": 2.0, "q1": 12.0, "q2": 40.5, "q3": 108.0, "q4": 1026.0, "Variance": 14664.520839423536}, "CountLineBlank": {"q0": 0.0, "q1": 1.0, "q2": 5.0, "q3": 13.0, "q4": 137.0, "Variance": 212.96279215900552}, "CountLineCode": {"q0": 2.0, "q1": 10.0, "q2": 29.0, "q3": 82.0, "q4": 884.0, "Variance": 8119.520189194727}, "CountLineCodeDecl": {"q0": 0.0, "q1": 2.0, "q2": 12.0, "q3": 28.0, "q4": 273.0, "Variance": 869.3934710743803}, "CountLineCodeExe": {"q0": 0.0, "q1": 6.0, "q2": 14.0, "q3": 44.0, "q4": 699.0, "Variance": 3454.9793654805003}, "CountLineComment": {"q0": 0.0, "q1": 0.0, "q2": 3.0, "q3": 10.0, "q4": 399.0, "Variance": 881.4217396352708}, "CountStmt": {"q0": 1.0, "q1": 5.0, "q2": 16.5, "q3": 50.0, "q4": 647.0, "Variance": 3608.697190082645}, "CountDeclInstanceVariable": {"q0": 0.0, "q1": 0.0, "q2": 0.0, "q3": 3.0, "q4": 29.0, "Variance": 18.132521002663754}, "CountDeclInstanceMethod": {"q0": 0.0, "q1": 1.0, "q2": 3.0, "q3": 7.0, "q4": 59.0, "Variance": 53.31100402977939}}