{"PercentLackOfCohesion": {"q0": 0.0, "q1": 0.0, "q2": 0.0, "q3": 55.0, "q4": 100.0, "Variance": 1031.1277229655564}, "CountClassCoupled": {"q0": 0.0, "q1": 1.0, "q2": 2.0, "q3": 5.0, "q4": 33.0, "Variance": 18.537882303244036}, "MaxNesting": {"q0": 0.0, "q1": 0.0, "q2": 1.0, "q3": 1.0, "q4": 5.0, "Variance": 0.802211974488049}, "AvgCyclomatic": {"q0": 0.0, "q1": 1.0, "q2": 1.0, "q3": 1.0, "q4": 11.0, "Variance": 0.6844896169687117}, "MaxCyclomatic": {"q0": 0.0, "q1": 1.0, "q2": 2.0, "q3": 3.0, "q4": 19.0, "Variance": 5.539920827186293}, "SumCyclomatic": {"q0": 0.0, "q1": 0.0, "q2": 11.0, "q3": 33.0, "q4": 99.0, "Variance": 596.0246414982031}, "CountLine": {"q0": 2.0, "q1": 16.0, "q2": 48.0, "q3": 110.5, "q4": 1059.0, "Variance": 14398.088984610262}, "CountLineBlank": {"q0": 0.0, "q1": 1.0, "q2": 6.0, "q3": 13.0, "q4": 166.0, "Variance": 230.4951853072667}, "CountLineCode": {"q0": 2.0, "q1": 12.0, "q2": 33.0, "q3": 78.0, "q4": 842.0, "Variance": 7334.630943961393}, "CountLineCodeDecl": {"q0": 0.0, "q1": 3.0, "q2": 13.0, "q3": 27.5, "q4": 220.0, "Variance": 690.5632534458096}, "CountLineCodeExe": {"q0": 0.0, "q1": 5.0, "q2": 15.0, "q3": 40.0, "q4": 741.0, "Variance": 3434.2176964359433}, "CountLineComment": {"q0": 0.0, "q1": 0.0, "q2": 4.0, "q3": 19.0, "q4": 343.0, "Variance": 1041.2566780060229}, "CountStmt": {"q0": 1.0, "q1": 6.0, "q2": 19.0, "q3": 47.5, "q4": 646.0, "Variance": 3508.8758868539207}, "CountDeclInstanceVariable": {"q0": 0.0, "q1": 0.0, "q2": 1.0, "q3": 3.0, "q4": 31.0, "Variance": 11.537559083592283}, "CountDeclInstanceMethod": {"q0": 0.0, "q1": 1.0, "q2": 3.0, "q3": 8.0, "q4": 42.0, "Variance": 41.62717093199268}}