{"PercentLackOfCohesion": {"q0": 0.0, "q1": 0.0, "q2": 0.0, "q3": 55.0, "q4": 100.0, "Variance": 1069.3677721088434}, "CountClassCoupled": {"q0": 0.0, "q1": 1.0, "q2": 2.0, "q3": 5.0, "q4": 45.0, "Variance": 26.355436507936506}, "MaxNesting": {"q0": 0.0, "q1": 0.0, "q2": 0.0, "q3": 1.0, "q4": 6.0, "Variance": 0.9092567397329303}, "AvgCyclomatic": {"q0": 0.0, "q1": 1.0, "q2": 1.0, "q3": 1.0, "q4": 12.0, "Variance": 0.7371403376165281}, "MaxCyclomatic": {"q0": 0.0, "q1": 1.0, "q2": 1.0, "q3": 3.0, "q4": 39.0, "Variance": 7.366626354245402}, "SumCyclomatic": {"q0": 0.0, "q1": 0.0, "q2": 5.0, "q3": 19.0, "q4": 99.0, "Variance": 380.62547933988407}, "CountLine": {"q0": 2.0, "q1": 13.0, "q2": 40.5, "q3": 108.5, "q4": 1026.0, "Variance": 14799.914875283446}, "CountLineBlank": {"q0": 0.0, "q1": 1.0, "q2": 5.0, "q3": 13.0, "q4": 137.0, "Variance": 218.61316452506932}, "CountLineCode": {"q0": 2.0, "q1": 10.0, "q2": 30.0, "q3": 82.0, "q4": 884.0, "Variance": 8260.486048752833}, "CountLineCodeDecl": {"q0": 0.0, "q1": 2.0, "q2": 12.0, "q3": 28.0, "q4": 273.0, "Variance": 875.2921460065506}, "CountLineCodeExe": {"q0": 0.0, "q1": 6.0, "q2": 14.0, "q3": 44.0, "q4": 699.0, "Variance": 3492.6581324011095}, "CountLineComment": {"q0": 0.0, "q1": 0.0, "q2": 3.0, "q3": 9.0, "q4": 399.0, "Variance": 861.7291660367852}, "CountStmt": {"q0": 1.0, "q1": 5.0, "q2": 16.5, "q3": 50.0, "q4": 647.0, "Variance": 3650.1980498866214}, "CountDeclInstanceVariable": {"q0": 0.0, "q1": 0.0, "q2": 0.0, "q3": 3.0, "q4": 29.0, "Variance": 18.91892857142857}, "CountDeclInstanceMethod": {"q0": 0.0, "q1": 1.0, "q2": 3.0, "q3": 7.0, "q4": 59.0, "Variance": 56.05394557823128}}