{"PercentLackOfCohesion": {"q0": 0.0, "q1": 0.0, "q2": 0.0, "q3": 50.0, "q4": 100.0, "Variance": 1038.1325497479675}, "CountClassCoupled": {"q0": 0.0, "q1": 1.0, "q2": 2.0, "q3": 5.0, "q4": 48.0, "Variance": 23.307461596484714}, "MaxNesting": {"q0": 0.0, "q1": 0.0, "q2": 0.0, "q3": 1.0, "q4": 5.0, "Variance": 0.8221824451335591}, "AvgCyclomatic": {"q0": 0.0, "q1": 1.0, "q2": 1.0, "q3": 1.0, "q4": 9.0, "Variance": 0.5920449647394068}, "MaxCyclomatic": {"q0": 0.0, "q1": 1.0, "q2": 1.0, "q3": 3.0, "q4": 34.0, "Variance": 5.439125339734917}, "SumCyclomatic": {"q0": 0.0, "q1": 0.0, "q2": 6.0, "q3": 21.0, "q4": 99.0, "Variance": 411.12634172842763}, "CountLine": {"q0": 2.0, "q1": 11.0, "q2": 39.5, "q3": 104.0, "q4": 1053.0, "Variance": 14300.481617647061}, "CountLineBlank": {"q0": 0.0, "q1": 1.0, "q2": 5.0, "q3": 12.0, "q4": 137.0, "Variance": 211.26535467128022}, "CountLineCode": {"q0": 2.0, "q1": 9.0, "q2": 28.0, "q3": 75.0, "q4": 910.0, "Variance": 7874.55958606219}, "CountLineCodeDecl": {"q0": 0.0, "q1": 2.0, "q2": 11.0, "q3": 27.0, "q4": 281.0, "Variance": 851.3295967481232}, "CountLineCodeExe": {"q0": 0.0, "q1": 5.0, "q2": 13.0, "q3": 40.0, "q4": 721.0, "Variance": 3406.0312196932514}, "CountLineComment": {"q0": 0.0, "q1": 0.0, "q2": 3.0, "q3": 10.0, "q4": 398.0, "Variance": 886.3524465403912}, "CountStmt": {"q0": 1.0, "q1": 5.0, "q2": 15.0, "q3": 47.0, "q4": 665.0, "Variance": 3563.361280396547}, "CountDeclInstanceVariable": {"q0": 0.0, "q1": 0.0, "q2": 0.0, "q3": 3.0, "q4": 33.0, "Variance": 17.70460423127118}, "CountDeclInstanceMethod": {"q0": 0.0, "q1": 1.0, "q2": 2.0, "q3": 7.0, "q4": 55.0, "Variance": 51.28306952742423}}