{"PercentLackOfCohesion": {"q0": 0.0, "q1": 0.0, "q2": 0.0, "q3": 50.5, "q4": 100.0, "Variance": 1045.3342973712752}, "CountClassCoupled": {"q0": 0.0, "q1": 1.0, "q2": 2.0, "q3": 5.0, "q4": 47.0, "Variance": 24.859170552238034}, "MaxNesting": {"q0": 0.0, "q1": 0.0, "q2": 0.0, "q3": 1.0, "q4": 5.0, "Variance": 0.8510199094904036}, "AvgCyclomatic": {"q0": 0.0, "q1": 1.0, "q2": 1.0, "q3": 1.0, "q4": 9.0, "Variance": 0.6308477238863781}, "MaxCyclomatic": {"q0": 0.0, "q1": 1.0, "q2": 1.0, "q3": 3.0, "q4": 39.0, "Variance": 6.028696059032421}, "SumCyclomatic": {"q0": 0.0, "q1": 0.0, "q2": 6.0, "q3": 20.0, "q4": 99.0, "Variance": 417.46364238303397}, "CountLine": {"q0": 2.0, "q1": 11.0, "q2": 40.0, "q3": 108.0, "q4": 1026.0, "Variance": 14486.155939817518}, "CountLineBlank": {"q0": 0.0, "q1": 1.0, "q2": 5.0, "q3": 13.0, "q4": 137.0, "Variance": 216.12961017358077}, "CountLineCode": {"q0": 2.0, "q1": 9.0, "q2": 29.0, "q3": 80.0, "q4": 884.0, "Variance": 8000.499429208345}, "CountLineCodeDecl": {"q0": 0.0, "q1": 2.0, "q2": 12.0, "q3": 27.0, "q4": 273.0, "Variance": 877.7436316840628}, "CountLineCodeExe": {"q0": 0.0, "q1": 5.0, "q2": 13.0, "q3": 42.0, "q4": 699.0, "Variance": 3484.631752665685}, "CountLineComment": {"q0": 0.0, "q1": 0.0, "q2": 3.0, "q3": 10.0, "q4": 398.0, "Variance": 902.8303049129706}, "CountStmt": {"q0": 1.0, "q1": 5.0, "q2": 16.0, "q3": 47.5, "q4": 647.0, "Variance": 3595.7946552934854}, "CountDeclInstanceVariable": {"q0": 0.0, "q1": 0.0, "q2": 0.0, "q3": 3.0, "q4": 29.0, "Variance": 17.416633200264233}, "CountDeclInstanceMethod": {"q0": 0.0, "q1": 1.0, "q2": 2.0, "q3": 7.0, "q4": 53.0, "Variance": 51.66283441029629}}