{"PercentLackOfCohesion": {"q0": 0.0, "q1": 0.0, "q2": 0.0, "q3": 51.0, "q4": 100.0, "Variance": 1055.3488965599615}, "CountClassCoupled": {"q0": 0.0, "q1": 1.0, "q2": 2.0, "q3": 5.0, "q4": 47.0, "Variance": 25.22475872102297}, "MaxNesting": {"q0": 0.0, "q1": 0.0, "q2": 0.0, "q3": 1.0, "q4": 5.0, "Variance": 0.8563736302053311}, "AvgCyclomatic": {"q0": 0.0, "q1": 1.0, "q2": 1.0, "q3": 1.0, "q4": 9.0, "Variance": 0.6444457798342781}, "MaxCyclomatic": {"q0": 0.0, "q1": 1.0, "q2": 1.0, "q3": 3.0, "q4": 39.0, "Variance": 6.425421074380472}, "SumCyclomatic": {"q0": 0.0, "q1": 0.0, "q2": 5.0, "q3": 19.0, "q4": 99.0, "Variance": 417.11757588167256}, "CountLine": {"q0": 2.0, "q1": 11.0, "q2": 39.0, "q3": 109.0, "q4": 1026.0, "Variance": 14717.460379354572}, "CountLineBlank": {"q0": 0.0, "q1": 1.0, "q2": 5.0, "q3": 13.0, "q4": 137.0, "Variance": 218.80481422872703}, "CountLineCode": {"q0": 2.0, "q1": 9.0, "q2": 29.0, "q3": 82.0, "q4": 884.0, "Variance": 8174.908703106488}, "CountLineCodeDecl": {"q0": 0.0, "q1": 1.0, "q2": 12.0, "q3": 28.0, "q4": 273.0, "Variance": 897.7503592569595}, "CountLineCodeExe": {"q0": 0.0, "q1": 5.5, "q2": 13.0, "q3": 43.0, "q4": 699.0, "Variance": 3544.248783126014}, "CountLineComment": {"q0": 0.0, "q1": 0.0, "q2": 3.0, "q3": 10.0, "q4": 398.0, "Variance": 891.2519561606355}, "CountStmt": {"q0": 1.0, "q1": 5.0, "q2": 16.0, "q3": 50.0, "q4": 647.0, "Variance": 3632.1758589709643}, "CountDeclInstanceVariable": {"q0": 0.0, "q1": 0.0, "q2": 0.0, "q3": 3.0, "q4": 30.0, "Variance": 17.911717378095602}, "CountDeclInstanceMethod": {"q0": 0.0, "q1": 1.0, "q2": 2.0, "q3": 7.0, "q4": 55.0, "Variance": 52.75237198619207}}