{"PercentLackOfCohesion": {"q0": 0.0, "q1": 0.0, "q2": 0.0, "q3": 55.0, "q4": 100.0, "Variance": 1071.8926819557123}, "CountClassCoupled": {"q0": 0.0, "q1": 1.0, "q2": 2.0, "q3": 5.0, "q4": 47.0, "Variance": 27.377913685347288}, "MaxNesting": {"q0": 0.0, "q1": 0.0, "q2": 0.0, "q3": 1.0, "q4": 6.0, "Variance": 0.9067003432722696}, "AvgCyclomatic": {"q0": 0.0, "q1": 1.0, "q2": 1.0, "q3": 1.0, "q4": 12.0, "Variance": 0.7627361908400301}, "MaxCyclomatic": {"q0": 0.0, "q1": 1.0, "q2": 1.0, "q3": 3.0, "q4": 39.0, "Variance": 7.585054838481862}, "SumCyclomatic": {"q0": 0.0, "q1": 0.0, "q2": 3.0, "q3": 15.0, "q4": 98.0, "Variance": 340.87412923786667}, "CountLine": {"q0": 1.0, "q1": 12.0, "q2": 39.0, "q3": 106.0, "q4": 1010.0, "Variance": 14243.967860417812}, "CountLineBlank": {"q0": 0.0, "q1": 1.0, "q2": 5.0, "q3": 13.0, "q4": 137.0, "Variance": 218.2224969290116}, "CountLineCode": {"q0": 1.0, "q1": 10.0, "q2": 29.0, "q3": 81.0, "q4": 863.0, "Variance": 8114.353451991094}, "CountLineCodeDecl": {"q0": 0.0, "q1": 2.0, "q2": 12.0, "q3": 28.0, "q4": 251.0, "Variance": 810.0156560626508}, "CountLineCodeExe": {"q0": 0.0, "q1": 6.0, "q2": 14.0, "q3": 43.0, "q4": 671.0, "Variance": 3527.4450978462205}, "CountLineComment": {"q0": 0.0, "q1": 0.0, "q2": 1.0, "q3": 8.0, "q4": 381.0, "Variance": 758.1236881221568}, "CountStmt": {"q0": 1.0, "q1": 5.0, "q2": 16.0, "q3": 50.0, "q4": 647.0, "Variance": 3589.867301050281}, "CountDeclInstanceVariable": {"q0": 0.0, "q1": 0.0, "q2": 0.0, "q3": 3.0, "q4": 31.0, "Variance": 19.319968347549683}, "CountDeclInstanceMethod": {"q0": 0.0, "q1": 1.0, "q2": 3.0, "q3": 7.0, "q4": 59.0, "Variance": 55.45304766051579}}