{"PercentLackOfCohesion": {"q0": 0.0, "q1": 0.0, "q2": 0.0, "q3": 0.0, "q4": 100.0, "Variance": 579.5140723898166}, "CountClassCoupled": {"q0": 0.0, "q1": 1.0, "q2": 2.0, "q3": 4.0, "q4": 50.0, "Variance": 20.49054667060619}, "MaxNesting": {"q0": 0.0, "q1": 0.0, "q2": 0.0, "q3": 1.0, "q4": 6.0, "Variance": 0.7671095907357067}, "AvgCyclomatic": {"q0": 0.0, "q1": 1.0, "q2": 1.0, "q3": 1.0, "q4": 12.0, "Variance": 1.8737497712450708}, "MaxCyclomatic": {"q0": 0.0, "q1": 1.0, "q2": 1.0, "q3": 2.0, "q4": 27.0, "Variance": 6.177648777605225}, "SumCyclomatic": {"q0": 0.0, "q1": 0.0, "q2": 0.0, "q3": 19.0, "q4": 98.0, "Variance": 471.1972117969044}, "CountLine": {"q0": 2.0, "q1": 9.0, "q2": 24.0, "q3": 72.0, "q4": 1988.0, "Variance": 26468.48510358125}, "CountLineBlank": {"q0": 0.0, "q1": 0.0, "q2": 3.0, "q3": 9.0, "q4": 295.0, "Variance": 432.52347306723806}, "CountLineCode": {"q0": 1.0, "q1": 8.0, "q2": 18.0, "q3": 48.0, "q4": 1701.0, "Variance": 12175.466376859307}, "CountLineCodeDecl": {"q0": 0.0, "q1": 0.0, "q2": 5.0, "q3": 15.0, "q4": 560.0, "Variance": 1471.4498369833586}, "CountLineCodeExe": {"q0": 0.0, "q1": 5.0, "q2": 10.0, "q3": 26.0, "q4": 1118.0, "Variance": 4949.127782758984}, "CountLineComment": {"q0": 0.0, "q1": 0.0, "q2": 0.0, "q3": 6.0, "q4": 1115.0, "Variance": 3466.0489673567995}, "CountStmt": {"q0": 1.0, "q1": 4.0, "q2": 9.0, "q3": 29.0, "q4": 797.0, "Variance": 3890.455780010858}, "CountDeclInstanceVariable": {"q0": 0.0, "q1": 0.0, "q2": 0.0, "q3": 0.0, "q4": 18.0, "Variance": 3.817233246193467}, "CountDeclInstanceMethod": {"q0": 0.0, "q1": 1.0, "q2": 1.0, "q3": 4.0, "q4": 219.0, "Variance": 176.22305215816857}}