{"PercentLackOfCohesion": {"q0": 0.0, "q1": 0.0, "q2": 0.0, "q3": 0.0, "q4": 100.0, "Variance": 577.617924033888}, "CountClassCoupled": {"q0": 0.0, "q1": 1.0, "q2": 2.0, "q3": 4.0, "q4": 51.0, "Variance": 20.747259429802366}, "MaxNesting": {"q0": 0.0, "q1": 0.0, "q2": 0.0, "q3": 1.0, "q4": 7.0, "Variance": 0.8056824589050008}, "AvgCyclomatic": {"q0": 0.0, "q1": 1.0, "q2": 1.0, "q3": 1.0, "q4": 13.0, "Variance": 1.915037805953534}, "MaxCyclomatic": {"q0": 0.0, "q1": 1.0, "q2": 1.0, "q3": 2.0, "q4": 27.0, "Variance": 6.538474605675954}, "SumCyclomatic": {"q0": 0.0, "q1": 0.0, "q2": 0.0, "q3": 19.0, "q4": 96.0, "Variance": 458.00754944411517}, "CountLine": {"q0": 2.0, "q1": 9.0, "q2": 24.0, "q3": 71.0, "q4": 1958.0, "Variance": 25849.30302863277}, "CountLineBlank": {"q0": 0.0, "q1": 0.0, "q2": 3.0, "q3": 9.0, "q4": 296.0, "Variance": 423.55812846072666}, "CountLineCode": {"q0": 1.0, "q1": 8.0, "q2": 17.5, "q3": 47.5, "q4": 1674.0, "Variance": 11829.515910306642}, "CountLineCodeDecl": {"q0": 0.0, "q1": 0.0, "q2": 5.0, "q3": 15.0, "q4": 569.0, "Variance": 1438.490964160245}, "CountLineCodeExe": {"q0": 0.0, "q1": 5.0, "q2": 10.0, "q3": 26.0, "q4": 1119.0, "Variance": 4835.630264280242}, "CountLineComment": {"q0": 0.0, "q1": 0.0, "q2": 0.0, "q3": 6.0, "q4": 1115.0, "Variance": 3415.193677803641}, "CountStmt": {"q0": 1.0, "q1": 4.0, "q2": 9.0, "q3": 28.0, "q4": 789.0, "Variance": 3809.253791438361}, "CountDeclInstanceVariable": {"q0": 0.0, "q1": 0.0, "q2": 0.0, "q3": 0.0, "q4": 18.0, "Variance": 3.9762420665326945}, "CountDeclInstanceMethod": {"q0": 0.0, "q1": 1.0, "q2": 1.0, "q3": 4.0, "q4": 221.0, "Variance": 168.50920571354217}}