{"PercentLackOfCohesion": {"q0": 0.0, "q1": 0.0, "q2": 0.0, "q3": 0.0, "q4": 100.0, "Variance": 584.6529483947683}, "CountClassCoupled": {"q0": 0.0, "q1": 1.0, "q2": 2.0, "q3": 4.0, "q4": 37.0, "Variance": 18.43880332936979}, "MaxNesting": {"q0": 0.0, "q1": 0.0, "q2": 0.0, "q3": 1.0, "q4": 5.0, "Variance": 0.6830915576694411}, "AvgCyclomatic": {"q0": 0.0, "q1": 1.0, "q2": 1.0, "q3": 1.0, "q4": 16.0, "Variance": 1.8014478002378118}, "MaxCyclomatic": {"q0": 0.0, "q1": 1.0, "q2": 1.0, "q3": 2.0, "q4": 19.0, "Variance": 5.581728418549345}, "SumCyclomatic": {"q0": 0.0, "q1": 0.0, "q2": 0.0, "q3": 21.0, "q4": 96.0, "Variance": 479.7433074910821}, "CountLine": {"q0": 2.0, "q1": 8.0, "q2": 23.0, "q3": 71.0, "q4": 1861.0, "Variance": 21187.94013983353}, "CountLineBlank": {"q0": 0.0, "q1": 0.0, "q2": 3.0, "q3": 10.0, "q4": 257.0, "Variance": 392.2351562425684}, "CountLineCode": {"q0": 1.0, "q1": 7.0, "q2": 18.0, "q3": 46.0, "q4": 1333.0, "Variance": 9617.873647562426}, "CountLineCodeDecl": {"q0": 0.0, "q1": 0.0, "q2": 5.0, "q3": 17.0, "q4": 421.0, "Variance": 1164.6963139120094}, "CountLineCodeExe": {"q0": 0.0, "q1": 4.0, "q2": 9.0, "q3": 23.0, "q4": 1009.0, "Variance": 4144.181448751487}, "CountLineComment": {"q0": 0.0, "q1": 0.0, "q2": 0.0, "q3": 7.0, "q4": 1103.0, "Variance": 2839.472597384067}, "CountStmt": {"q0": 1.0, "q1": 3.0, "q2": 10.0, "q3": 28.0, "q4": 705.0, "Variance": 3257.4526439952447}, "CountDeclInstanceVariable": {"q0": 0.0, "q1": 0.0, "q2": 0.0, "q3": 0.0, "q4": 16.0, "Variance": 3.425255648038049}, "CountDeclInstanceMethod": {"q0": 0.0, "q1": 1.0, "q2": 1.0, "q3": 5.0, "q4": 158.0, "Variance": 139.64946492271108}}