{"PercentLackOfCohesion": {"q0": 0.0, "q1": 0.0, "q2": 0.0, "q3": 25.0, "q4": 83.0, "Variance": 592.9815585960738}, "CountClassCoupled": {"q0": 0.0, "q1": 1.0, "q2": 2.0, "q3": 3.0, "q4": 7.0, "Variance": 3.2302201070791194}, "MaxNesting": {"q0": 0.0, "q1": 0.0, "q2": 0.0, "q3": 0.0, "q4": 4.0, "Variance": 0.7126710291493159}, "AvgCyclomatic": {"q0": 1.0, "q1": 1.0, "q2": 1.0, "q3": 1.0, "q4": 8.0, "Variance": 1.220701963117192}, "MaxCyclomatic": {"q0": 1.0, "q1": 1.0, "q2": 1.0, "q3": 2.0, "q4": 13.0, "Variance": 6.2224866151100535}, "SumCyclomatic": {"q0": 0.0, "q1": 0.0, "q2": 0.0, "q3": 18.0, "q4": 80.0, "Variance": 345.80963712076147}, "CountLine": {"q0": 5.0, "q1": 6.0, "q2": 25.0, "q3": 75.0, "q4": 187.0, "Variance": 2982.807852468769}, "CountLineBlank": {"q0": 0.0, "q1": 0.0, "q2": 3.0, "q3": 8.0, "q4": 28.0, "Variance": 52.02141582391433}, "CountLineCode": {"q0": 5.0, "q1": 6.0, "q2": 19.0, "q3": 45.0, "q4": 156.0, "Variance": 1637.7751338488995}, "CountLineCodeDecl": {"q0": 0.0, "q1": 0.0, "q2": 8.0, "q3": 17.0, "q4": 84.0, "Variance": 256.3438429506246}, "CountLineCodeExe": {"q0": 1.0, "q1": 4.0, "q2": 7.0, "q3": 21.0, "q4": 108.0, "Variance": 688.1487209994051}, "CountLineComment": {"q0": 0.0, "q1": 0.0, "q2": 0.0, "q3": 3.0, "q4": 133.0, "Variance": 467.7120761451517}, "CountStmt": {"q0": 2.0, "q1": 2.0, "q2": 12.0, "q3": 33.0, "q4": 106.0, "Variance": 654.7852468768589}, "CountDeclInstanceVariable": {"q0": 0.0, "q1": 0.0, "q2": 0.0, "q3": 1.0, "q4": 8.0, "Variance": 3.584770969660916}, "CountDeclInstanceMethod": {"q0": 0.0, "q1": 1.0, "q2": 1.0, "q3": 4.0, "q4": 21.0, "Variance": 26.0}}