{"PercentLackOfCohesion": {"q0": 0.0, "q1": 0.0, "q2": 0.0, "q3": 60.0, "q4": 94.0, "Variance": 1149.0277777777778}, "CountClassCoupled": {"q0": 0.0, "q1": 1.0, "q2": 2.0, "q3": 3.0, "q4": 9.0, "Variance": 4.987654320987654}, "MaxNesting": {"q0": 0.0, "q1": 0.0, "q2": 0.0, "q3": 2.0, "q4": 5.0, "Variance": 1.924554183813443}, "AvgCyclomatic": {"q0": 1.0, "q1": 1.0, "q2": 1.0, "q3": 2.0, "q4": 6.0, "Variance": 0.989368998628258}, "MaxCyclomatic": {"q0": 1.0, "q1": 1.0, "q2": 1.5, "q3": 4.0, "q4": 12.0, "Variance": 7.368998628257888}, "SumCyclomatic": {"q0": 0.0, "q1": 11.0, "q2": 32.0, "q3": 54.0, "q4": 96.0, "Variance": 684.4320987654321}, "CountLine": {"q0": 9.0, "q1": 35.0, "q2": 75.5, "q3": 145.0, "q4": 2328.0, "Variance": 98353.8024691358}, "CountLineBlank": {"q0": 0.0, "q1": 3.0, "q2": 7.5, "q3": 16.0, "q4": 34.0, "Variance": 74.70233196159123}, "CountLineCode": {"q0": 4.0, "q1": 15.0, "q2": 35.5, "q3": 90.0, "q4": 2290.0, "Variance": 93690.44204389575}, "CountLineCodeDecl": {"q0": 0.0, "q1": 4.0, "q2": 10.0, "q3": 28.0, "q4": 60.0, "Variance": 304.08950617283944}, "CountLineCodeExe": {"q0": 0.0, "q1": 8.0, "q2": 19.5, "q3": 54.0, "q4": 2270.0, "Variance": 92135.02469135802}, "CountLineComment": {"q0": 0.0, "q1": 9.0, "q2": 25.0, "q3": 36.0, "q4": 166.0, "Variance": 1104.2098765432097}, "CountStmt": {"q0": 2.0, "q1": 10.0, "q2": 20.5, "q3": 54.0, "q4": 162.0, "Variance": 1469.8535665294924}, "CountDeclInstanceVariable": {"q0": 0.0, "q1": 0.0, "q2": 1.0, "q3": 3.0, "q4": 12.0, "Variance": 8.867283950617283}, "CountDeclInstanceMethod": {"q0": 1.0, "q1": 2.0, "q2": 4.0, "q3": 10.0, "q4": 34.0, "Variance": 36.98765432098765}}