{"PercentLackOfCohesion": {"q0": 0.0, "q1": 0.0, "q2": 0.0, "q3": 50.0, "q4": 96.0, "Variance": 909.0675147063216}, "CountClassCoupled": {"q0": 0.0, "q1": 0.0, "q2": 2.0, "q3": 3.0, "q4": 38.0, "Variance": 15.929111051390008}, "MaxNesting": {"q0": 0.0, "q1": 0.0, "q2": 0.0, "q3": 1.5, "q4": 5.0, "Variance": 1.9344262295081966}, "AvgCyclomatic": {"q0": 1.0, "q1": 1.0, "q2": 1.0, "q3": 1.0, "q4": 6.0, "Variance": 0.9213174475200813}, "MaxCyclomatic": {"q0": 1.0, "q1": 1.0, "q2": 1.0, "q3": 4.0, "q4": 18.0, "Variance": 8.119203320493297}, "SumCyclomatic": {"q0": 0.0, "q1": 0.0, "q2": 28.0, "q3": 56.0, "q4": 96.0, "Variance": 860.4090895517932}, "CountLine": {"q0": 4.0, "q1": 22.0, "q2": 61.0, "q3": 118.0, "q4": 2396.0, "Variance": 70438.1118576249}, "CountLineBlank": {"q0": 0.0, "q1": 3.0, "q2": 5.0, "q3": 13.0, "q4": 180.0, "Variance": 302.4559706172176}, "CountLineCode": {"q0": 4.0, "q1": 14.0, "q2": 24.0, "q3": 67.0, "q4": 2300.0, "Variance": 38518.63644778882}, "CountLineCodeDecl": {"q0": 0.0, "q1": 2.0, "q2": 9.0, "q3": 22.0, "q4": 298.0, "Variance": 1208.8729433545343}, "CountLineCodeExe": {"q0": 0.0, "q1": 7.0, "q2": 14.0, "q3": 44.0, "q4": 2276.0, "Variance": 32601.67786437337}, "CountLineComment": {"q0": 0.0, "q1": 0.0, "q2": 24.0, "q3": 38.5, "q4": 1021.0, "Variance": 7544.964316641286}, "CountStmt": {"q0": 2.0, "q1": 8.0, "q2": 17.0, "q3": 44.0, "q4": 643.0, "Variance": 4620.936725491953}, "CountDeclInstanceVariable": {"q0": 0.0, "q1": 0.0, "q2": 0.0, "q3": 2.0, "q4": 16.0, "Variance": 7.632536056615606}, "CountDeclInstanceMethod": {"q0": 1.0, "q1": 2.0, "q2": 3.0, "q3": 6.0, "q4": 66.0, "Variance": 54.78103257786139}}