{"PercentLackOfCohesion": {"q0": 0.0, "q1": 0.0, "q2": 0.0, "q3": 0.0, "q4": 100.0, "Variance": 592.3746051566656}, "CountClassCoupled": {"q0": 0.0, "q1": 1.0, "q2": 2.0, "q3": 4.0, "q4": 44.0, "Variance": 20.500803561105332}, "MaxNesting": {"q0": 0.0, "q1": 0.0, "q2": 0.0, "q3": 1.0, "q4": 6.0, "Variance": 0.7582021042895134}, "AvgCyclomatic": {"q0": 0.0, "q1": 1.0, "q2": 1.0, "q3": 1.0, "q4": 12.0, "Variance": 1.6667869117817087}, "MaxCyclomatic": {"q0": 0.0, "q1": 1.0, "q2": 1.0, "q3": 2.0, "q4": 26.0, "Variance": 5.9340779280841724}, "SumCyclomatic": {"q0": 0.0, "q1": 0.0, "q2": 0.0, "q3": 20.0, "q4": 96.0, "Variance": 482.63429298184764}, "CountLine": {"q0": 2.0, "q1": 9.0, "q2": 24.0, "q3": 72.0, "q4": 1987.0, "Variance": 25834.788784830616}, "CountLineBlank": {"q0": 0.0, "q1": 0.0, "q2": 3.0, "q3": 9.0, "q4": 295.0, "Variance": 429.1298600994335}, "CountLineCode": {"q0": 1.0, "q1": 8.0, "q2": 18.0, "q3": 46.0, "q4": 1758.0, "Variance": 12439.283755347438}, "CountLineCodeDecl": {"q0": 0.0, "q1": 0.0, "q2": 5.0, "q3": 16.0, "q4": 480.0, "Variance": 1392.8216082784143}, "CountLineCodeExe": {"q0": 0.0, "q1": 4.0, "q2": 9.0, "q3": 24.0, "q4": 1147.0, "Variance": 5313.427175395997}, "CountLineComment": {"q0": 0.0, "q1": 0.0, "q2": 0.0, "q3": 7.0, "q4": 1115.0, "Variance": 3220.0147866805414}, "CountStmt": {"q0": 1.0, "q1": 4.0, "q2": 9.5, "q3": 28.0, "q4": 825.0, "Variance": 3941.2257474852586}, "CountDeclInstanceVariable": {"q0": 0.0, "q1": 0.0, "q2": 0.0, "q3": 0.0, "q4": 18.0, "Variance": 3.870765406405365}, "CountDeclInstanceMethod": {"q0": 0.0, "q1": 1.0, "q2": 1.0, "q3": 4.0, "q4": 211.0, "Variance": 156.8969927159209}}