{"PercentLackOfCohesion": {"q0": 0.0, "q1": 0.0, "q2": 0.0, "q3": 0.0, "q4": 100.0, "Variance": 564.7471902262909}, "CountClassCoupled": {"q0": 0.0, "q1": 1.0, "q2": 2.0, "q3": 4.0, "q4": 32.0, "Variance": 11.355263819727378}, "MaxNesting": {"q0": 0.0, "q1": 0.0, "q2": 0.0, "q3": 1.0, "q4": 4.0, "Variance": 0.6234875285727859}, "AvgCyclomatic": {"q0": 0.0, "q1": 1.0, "q2": 1.0, "q3": 1.0, "q4": 10.0, "Variance": 1.8053864940842461}, "MaxCyclomatic": {"q0": 0.0, "q1": 1.0, "q2": 1.0, "q3": 2.0, "q4": 19.0, "Variance": 5.161522168010774}, "SumCyclomatic": {"q0": 0.0, "q1": 0.0, "q2": 6.0, "q3": 42.0, "q4": 96.0, "Variance": 861.8060459735425}, "CountLine": {"q0": 2.0, "q1": 9.0, "q2": 39.0, "q3": 93.0, "q4": 1851.0, "Variance": 20589.615557008645}, "CountLineBlank": {"q0": 0.0, "q1": 0.0, "q2": 3.0, "q3": 10.5, "q4": 184.0, "Variance": 333.49670539711286}, "CountLineCode": {"q0": 1.0, "q1": 9.0, "q2": 18.0, "q3": 50.0, "q4": 975.0, "Variance": 7419.922416153893}, "CountLineCodeDecl": {"q0": 0.0, "q1": 0.0, "q2": 6.0, "q3": 18.5, "q4": 241.0, "Variance": 934.7831039127253}, "CountLineCodeExe": {"q0": 0.0, "q1": 4.0, "q2": 9.0, "q3": 23.5, "q4": 656.0, "Variance": 2742.2878124842814}, "CountLineComment": {"q0": 0.0, "q1": 0.0, "q2": 5.0, "q3": 27.0, "q4": 1097.0, "Variance": 4094.768919515562}, "CountStmt": {"q0": 1.0, "q1": 4.0, "q2": 10.0, "q3": 32.0, "q4": 469.0, "Variance": 2611.534910495224}, "CountDeclInstanceVariable": {"q0": 0.0, "q1": 0.0, "q2": 0.0, "q3": 0.0, "q4": 11.0, "Variance": 2.5949510699774767}, "CountDeclInstanceMethod": {"q0": 0.0, "q1": 1.0, "q2": 2.0, "q3": 4.0, "q4": 158.0, "Variance": 144.84000916564673}}