{"PercentLackOfCohesion": {"q0": 0.0, "q1": 0.0, "q2": 0.0, "q3": 0.0, "q4": 100.0, "Variance": 588.4393401828636}, "CountClassCoupled": {"q0": 0.0, "q1": 1.0, "q2": 2.0, "q3": 4.0, "q4": 32.0, "Variance": 14.814312376284285}, "MaxNesting": {"q0": 0.0, "q1": 0.0, "q2": 0.0, "q3": 1.0, "q4": 4.0, "Variance": 0.599098878310868}, "AvgCyclomatic": {"q0": 0.0, "q1": 1.0, "q2": 1.0, "q3": 1.0, "q4": 10.0, "Variance": 1.6498595532095388}, "MaxCyclomatic": {"q0": 0.0, "q1": 1.0, "q2": 1.0, "q3": 2.0, "q4": 19.0, "Variance": 4.84612687340937}, "SumCyclomatic": {"q0": 0.0, "q1": 0.0, "q2": 0.0, "q3": 36.0, "q4": 96.0, "Variance": 828.8661099066829}, "CountLine": {"q0": 2.0, "q1": 7.0, "q2": 26.0, "q3": 83.5, "q4": 1851.0, "Variance": 20583.192217928176}, "CountLineBlank": {"q0": 0.0, "q1": 0.0, "q2": 3.0, "q3": 10.0, "q4": 184.0, "Variance": 346.16545951550575}, "CountLineCode": {"q0": 1.0, "q1": 7.0, "q2": 17.0, "q3": 46.5, "q4": 999.0, "Variance": 7781.310570270525}, "CountLineCodeDecl": {"q0": 0.0, "q1": 0.0, "q2": 5.0, "q3": 17.0, "q4": 312.0, "Variance": 975.8905306814969}, "CountLineCodeExe": {"q0": 0.0, "q1": 4.0, "q2": 9.0, "q3": 23.0, "q4": 631.0, "Variance": 2821.074732774059}, "CountLineComment": {"q0": 0.0, "q1": 0.0, "q2": 0.0, "q3": 27.0, "q4": 1097.0, "Variance": 3780.8862060514657}, "CountStmt": {"q0": 1.0, "q1": 3.0, "q2": 8.0, "q3": 29.0, "q4": 472.0, "Variance": 2679.678710528796}, "CountDeclInstanceVariable": {"q0": 0.0, "q1": 0.0, "q2": 0.0, "q3": 0.0, "q4": 13.0, "Variance": 3.052691111320577}, "CountDeclInstanceMethod": {"q0": 0.0, "q1": 1.0, "q2": 1.0, "q3": 4.0, "q4": 158.0, "Variance": 148.36908285418042}}