{"PercentLackOfCohesion": {"q0": 0.0, "q1": 0.0, "q2": 0.0, "q3": 0.0, "q4": 100.0, "Variance": 578.7559670915713}, "CountClassCoupled": {"q0": 0.0, "q1": 1.0, "q2": 2.0, "q3": 4.0, "q4": 26.0, "Variance": 10.15498178980229}, "MaxNesting": {"q0": 0.0, "q1": 0.0, "q2": 0.0, "q3": 1.0, "q4": 4.0, "Variance": 0.5885633454734652}, "AvgCyclomatic": {"q0": 0.0, "q1": 1.0, "q2": 1.0, "q3": 1.0, "q4": 11.0, "Variance": 1.00312174817898}, "MaxCyclomatic": {"q0": 0.0, "q1": 1.0, "q2": 1.0, "q3": 2.0, "q4": 19.0, "Variance": 4.685678980228928}, "SumCyclomatic": {"q0": 0.0, "q1": 0.0, "q2": 6.5, "q3": 33.5, "q4": 94.0, "Variance": 700.4361992715922}, "CountLine": {"q0": 4.0, "q1": 8.0, "q2": 23.0, "q3": 76.5, "q4": 664.0, "Variance": 9335.482245057232}, "CountLineBlank": {"q0": 0.0, "q1": 0.0, "q2": 3.0, "q3": 9.0, "q4": 104.0, "Variance": 173.12589425078042}, "CountLineCode": {"q0": 1.0, "q1": 8.0, "q2": 13.0, "q3": 35.5, "q4": 573.0, "Variance": 4770.908542533818}, "CountLineCodeDecl": {"q0": 0.0, "q1": 0.0, "q2": 5.0, "q3": 13.5, "q4": 214.0, "Variance": 647.4846514047866}, "CountLineCodeExe": {"q0": 0.0, "q1": 4.0, "q2": 7.5, "q3": 18.0, "q4": 334.0, "Variance": 1610.7336108220602}, "CountLineComment": {"q0": 0.0, "q1": 0.0, "q2": 5.0, "q3": 27.0, "q4": 237.0, "Variance": 1067.6932882414153}, "CountStmt": {"q0": 1.0, "q1": 4.0, "q2": 8.0, "q3": 23.0, "q4": 278.0, "Variance": 1684.4467839490114}, "CountDeclInstanceVariable": {"q0": 0.0, "q1": 0.0, "q2": 0.0, "q3": 0.5, "q4": 10.0, "Variance": 2.1511283818938605}, "CountDeclInstanceMethod": {"q0": 0.0, "q1": 1.0, "q2": 1.0, "q3": 4.0, "q4": 103.0, "Variance": 85.75765803850156}}