{"PercentLackOfCohesion": {"q0": 0.0, "q1": 0.0, "q2": 0.0, "q3": 50.0, "q4": 94.0, "Variance": 993.9995792241949}, "CountClassCoupled": {"q0": 0.0, "q1": 1.0, "q2": 2.0, "q3": 3.0, "q4": 39.0, "Variance": 16.04249835634451}, "MaxNesting": {"q0": 0.0, "q1": 0.0, "q2": 0.0, "q3": 1.5, "q4": 5.0, "Variance": 1.9072715318869164}, "AvgCyclomatic": {"q0": 1.0, "q1": 1.0, "q2": 1.0, "q3": 1.0, "q4": 6.0, "Variance": 0.8803681788297173}, "MaxCyclomatic": {"q0": 1.0, "q1": 1.0, "q2": 2.0, "q3": 3.5, "q4": 19.0, "Variance": 10.04076265614727}, "SumCyclomatic": {"q0": 0.0, "q1": 0.0, "q2": 27.0, "q3": 53.5, "q4": 95.0, "Variance": 810.2034451019065}, "CountLine": {"q0": 4.0, "q1": 21.0, "q2": 58.0, "q3": 124.0, "q4": 2396.0, "Variance": 58367.8698224852}, "CountLineBlank": {"q0": 0.0, "q1": 2.0, "q2": 5.0, "q3": 14.0, "q4": 209.0, "Variance": 386.5177120315582}, "CountLineCode": {"q0": 4.0, "q1": 14.0, "q2": 24.0, "q3": 67.5, "q4": 2300.0, "Variance": 40209.23034845496}, "CountLineCodeDecl": {"q0": 0.0, "q1": 2.0, "q2": 9.0, "q3": 24.0, "q4": 387.0, "Variance": 1592.9931360946744}, "CountLineCodeExe": {"q0": 0.0, "q1": 7.0, "q2": 15.0, "q3": 44.0, "q4": 2276.0, "Variance": 32024.55831689679}, "CountLineComment": {"q0": 0.0, "q1": 0.0, "q2": 24.0, "q3": 40.0, "q4": 349.0, "Variance": 2597.3207100591717}, "CountStmt": {"q0": 2.0, "q1": 8.0, "q2": 17.0, "q3": 46.0, "q4": 742.0, "Variance": 5494.957159763314}, "CountDeclInstanceVariable": {"q0": 0.0, "q1": 0.0, "q2": 0.0, "q3": 2.0, "q4": 14.0, "Variance": 7.357948717948719}, "CountDeclInstanceMethod": {"q0": 1.0, "q1": 2.0, "q2": 3.0, "q3": 7.0, "q4": 76.0, "Variance": 70.75634451019067}}