{"PercentLackOfCohesion": {"q0": 0.0, "q1": 0.0, "q2": 0.0, "q3": 50.0, "q4": 97.0, "Variance": 905.432900275802}, "CountClassCoupled": {"q0": 0.0, "q1": 0.0, "q2": 2.0, "q3": 3.0, "q4": 34.0, "Variance": 15.081289011467556}, "MaxNesting": {"q0": 0.0, "q1": 0.0, "q2": 0.0, "q3": 2.0, "q4": 5.0, "Variance": 1.9939396138771959}, "AvgCyclomatic": {"q0": 1.0, "q1": 1.0, "q2": 1.0, "q3": 1.0, "q4": 6.0, "Variance": 0.7816809406299898}, "MaxCyclomatic": {"q0": 1.0, "q1": 1.0, "q2": 1.0, "q3": 4.0, "q4": 19.0, "Variance": 8.684460734504281}, "SumCyclomatic": {"q0": 0.0, "q1": 0.0, "q2": 27.0, "q3": 53.0, "q4": 96.0, "Variance": 756.4658513572361}, "CountLine": {"q0": 4.0, "q1": 22.0, "q2": 54.5, "q3": 114.0, "q4": 2328.0, "Variance": 55347.25319349689}, "CountLineBlank": {"q0": 0.0, "q1": 3.0, "q2": 5.0, "q3": 12.0, "q4": 126.0, "Variance": 209.1896138771955}, "CountLineCode": {"q0": 4.0, "q1": 14.0, "q2": 23.0, "q3": 66.0, "q4": 2290.0, "Variance": 38617.72713746553}, "CountLineCodeDecl": {"q0": 0.0, "q1": 2.0, "q2": 9.0, "q3": 22.0, "q4": 300.0, "Variance": 1092.4892219480332}, "CountLineCodeExe": {"q0": 0.0, "q1": 7.0, "q2": 14.0, "q3": 44.0, "q4": 2270.0, "Variance": 34108.79434605893}, "CountLineComment": {"q0": 0.0, "q1": 0.0, "q2": 24.0, "q3": 31.0, "q4": 711.0, "Variance": 3764.4433154303965}, "CountStmt": {"q0": 2.0, "q1": 8.0, "q2": 16.0, "q3": 42.0, "q4": 515.0, "Variance": 3734.9715488459865}, "CountDeclInstanceVariable": {"q0": 0.0, "q1": 0.0, "q2": 0.0, "q3": 2.0, "q4": 15.0, "Variance": 7.361191754971694}, "CountDeclInstanceMethod": {"q0": 1.0, "q1": 2.0, "q2": 3.0, "q3": 6.0, "q4": 47.0, "Variance": 44.22354478153577}}