{"PercentLackOfCohesion": {"q0": 0.0, "q1": 0.0, "q2": 0.0, "q3": 0.0, "q4": 100.0, "Variance": 583.851106602413}, "CountClassCoupled": {"q0": 0.0, "q1": 1.0, "q2": 2.0, "q3": 4.0, "q4": 41.0, "Variance": 16.35313265493006}, "MaxNesting": {"q0": 0.0, "q1": 0.0, "q2": 0.0, "q3": 1.0, "q4": 6.0, "Variance": 0.7338931686545637}, "AvgCyclomatic": {"q0": 0.0, "q1": 1.0, "q2": 1.0, "q3": 1.0, "q4": 11.0, "Variance": 1.5893909823493055}, "MaxCyclomatic": {"q0": 0.0, "q1": 1.0, "q2": 1.0, "q3": 2.0, "q4": 22.0, "Variance": 5.608090474119181}, "SumCyclomatic": {"q0": 0.0, "q1": 0.0, "q2": 0.0, "q3": 20.0, "q4": 96.0, "Variance": 476.25383318834275}, "CountLine": {"q0": 2.0, "q1": 8.0, "q2": 23.0, "q3": 71.0, "q4": 1921.0, "Variance": 24108.43577871385}, "CountLineBlank": {"q0": 0.0, "q1": 0.0, "q2": 3.0, "q3": 10.0, "q4": 282.0, "Variance": 422.3165721366269}, "CountLineCode": {"q0": 1.0, "q1": 8.0, "q2": 18.0, "q3": 46.0, "q4": 1703.0, "Variance": 11842.901850919163}, "CountLineCodeDecl": {"q0": 0.0, "q1": 0.0, "q2": 5.0, "q3": 16.0, "q4": 462.0, "Variance": 1342.0743157780269}, "CountLineCodeExe": {"q0": 0.0, "q1": 4.0, "q2": 9.0, "q3": 24.0, "q4": 1102.0, "Variance": 4984.740596598062}, "CountLineComment": {"q0": 0.0, "q1": 0.0, "q2": 0.0, "q3": 7.0, "q4": 1103.0, "Variance": 2943.1558729768094}, "CountStmt": {"q0": 1.0, "q1": 3.0, "q2": 9.0, "q3": 28.0, "q4": 784.0, "Variance": 3709.481588104668}, "CountDeclInstanceVariable": {"q0": 0.0, "q1": 0.0, "q2": 0.0, "q3": 0.0, "q4": 16.0, "Variance": 3.395542398296743}, "CountDeclInstanceMethod": {"q0": 0.0, "q1": 1.0, "q2": 1.0, "q3": 5.0, "q4": 209.0, "Variance": 158.95117299283442}}