{"PercentLackOfCohesion": {"q0": 0.0, "q1": 0.0, "q2": 0.0, "q3": 61.5, "q4": 94.0, "Variance": 1166.8813775510205}, "CountClassCoupled": {"q0": 0.0, "q1": 1.0, "q2": 2.0, "q3": 3.0, "q4": 9.0, "Variance": 5.20408163265306}, "MaxNesting": {"q0": 0.0, "q1": 0.0, "q2": 0.0, "q3": 2.0, "q4": 5.0, "Variance": 1.946109693877551}, "AvgCyclomatic": {"q0": 1.0, "q1": 1.0, "q2": 1.0, "q3": 2.0, "q4": 6.0, "Variance": 1.1785714285714286}, "MaxCyclomatic": {"q0": 1.0, "q1": 1.0, "q2": 1.0, "q3": 5.0, "q4": 12.0, "Variance": 7.678571428571429}, "SumCyclomatic": {"q0": 0.0, "q1": 6.0, "q2": 32.5, "q3": 57.5, "q4": 96.0, "Variance": 755.8364158163266}, "CountLine": {"q0": 10.0, "q1": 36.5, "q2": 78.5, "q3": 142.0, "q4": 2328.0, "Variance": 94570.74713010204}, "CountLineBlank": {"q0": 0.0, "q1": 2.5, "q2": 7.0, "q3": 15.5, "q4": 34.0, "Variance": 70.16709183673468}, "CountLineCode": {"q0": 4.0, "q1": 16.5, "q2": 37.5, "q3": 91.5, "q4": 2290.0, "Variance": 90077.44387755104}, "CountLineCodeDecl": {"q0": 0.0, "q1": 4.0, "q2": 11.5, "q3": 30.0, "q4": 64.0, "Variance": 293.04559948979596}, "CountLineCodeExe": {"q0": 0.0, "q1": 10.0, "q2": 19.5, "q3": 55.5, "q4": 2270.0, "Variance": 88730.20408163266}, "CountLineComment": {"q0": 0.0, "q1": 16.0, "q2": 25.0, "q3": 36.0, "q4": 207.0, "Variance": 1152.5089285714287}, "CountStmt": {"q0": 2.0, "q1": 10.0, "q2": 22.5, "q3": 59.0, "q4": 148.0, "Variance": 1245.418367346939}, "CountDeclInstanceVariable": {"q0": 0.0, "q1": 0.0, "q2": 0.0, "q3": 2.0, "q4": 12.0, "Variance": 8.01753826530612}, "CountDeclInstanceMethod": {"q0": 1.0, "q1": 2.0, "q2": 4.0, "q3": 10.0, "q4": 34.0, "Variance": 35.81855867346939}}