{"PercentLackOfCohesion": {"q0": 0.0, "q1": 0.0, "q2": 0.0, "q3": 0.0, "q4": 100.0, "Variance": 607.099446174388}, "CountClassCoupled": {"q0": 0.0, "q1": 1.0, "q2": 2.0, "q3": 4.0, "q4": 43.0, "Variance": 19.988957599325563}, "MaxNesting": {"q0": 0.0, "q1": 0.0, "q2": 0.0, "q3": 1.0, "q4": 6.0, "Variance": 0.7394668362498722}, "AvgCyclomatic": {"q0": 0.0, "q1": 1.0, "q2": 1.0, "q3": 1.0, "q4": 11.0, "Variance": 1.4874554722258766}, "MaxCyclomatic": {"q0": 0.0, "q1": 1.0, "q2": 1.0, "q3": 2.0, "q4": 22.0, "Variance": 5.514120969353196}, "SumCyclomatic": {"q0": 0.0, "q1": 0.0, "q2": 0.0, "q3": 20.0, "q4": 96.0, "Variance": 486.08574185342746}, "CountLine": {"q0": 2.0, "q1": 8.0, "q2": 24.0, "q3": 69.0, "q4": 1941.0, "Variance": 24863.039364745207}, "CountLineBlank": {"q0": 0.0, "q1": 0.0, "q2": 3.0, "q3": 9.0, "q4": 282.0, "Variance": 414.99199961989984}, "CountLineCode": {"q0": 1.0, "q1": 8.0, "q2": 18.0, "q3": 46.0, "q4": 1716.0, "Variance": 11880.078066751457}, "CountLineCodeDecl": {"q0": 0.0, "q1": 0.0, "q2": 5.0, "q3": 16.0, "q4": 462.0, "Variance": 1334.662915612863}, "CountLineCodeExe": {"q0": 0.0, "q1": 4.0, "q2": 9.0, "q3": 24.0, "q4": 1108.0, "Variance": 5000.562120813415}, "CountLineComment": {"q0": 0.0, "q1": 0.0, "q2": 0.0, "q3": 7.0, "q4": 1103.0, "Variance": 3182.0533456134967}, "CountStmt": {"q0": 1.0, "q1": 4.0, "q2": 9.0, "q3": 28.0, "q4": 794.0, "Variance": 3753.7006856424427}, "CountDeclInstanceVariable": {"q0": 0.0, "q1": 0.0, "q2": 0.0, "q3": 0.0, "q4": 17.0, "Variance": 3.6829232635995495}, "CountDeclInstanceMethod": {"q0": 0.0, "q1": 1.0, "q2": 1.0, "q3": 4.0, "q4": 211.0, "Variance": 155.6472584048458}}