{"PercentLackOfCohesion": {"q0": 0.0, "q1": 0.0, "q2": 0.0, "q3": 0.0, "q4": 100.0, "Variance": 573.6620453431871}, "CountClassCoupled": {"q0": 0.0, "q1": 1.0, "q2": 2.0, "q3": 4.0, "q4": 51.0, "Variance": 20.788134438054676}, "MaxNesting": {"q0": 0.0, "q1": 0.0, "q2": 0.0, "q3": 1.0, "q4": 7.0, "Variance": 0.8105269653442183}, "AvgCyclomatic": {"q0": 0.0, "q1": 1.0, "q2": 1.0, "q3": 1.0, "q4": 12.0, "Variance": 1.9040233420890724}, "MaxCyclomatic": {"q0": 0.0, "q1": 1.0, "q2": 1.0, "q3": 2.0, "q4": 27.0, "Variance": 6.382786682925573}, "SumCyclomatic": {"q0": 0.0, "q1": 0.0, "q2": 0.0, "q3": 18.0, "q4": 96.0, "Variance": 447.7283654643182}, "CountLine": {"q0": 2.0, "q1": 9.0, "q2": 24.0, "q3": 71.0, "q4": 1961.0, "Variance": 26026.697543849306}, "CountLineBlank": {"q0": 0.0, "q1": 0.0, "q2": 3.0, "q3": 9.0, "q4": 296.0, "Variance": 425.88632981016127}, "CountLineCode": {"q0": 1.0, "q1": 8.0, "q2": 18.0, "q3": 48.0, "q4": 1678.0, "Variance": 11917.903894400624}, "CountLineCodeDecl": {"q0": 0.0, "q1": 0.0, "q2": 5.0, "q3": 15.0, "q4": 569.0, "Variance": 1451.1645366764783}, "CountLineCodeExe": {"q0": 0.0, "q1": 5.0, "q2": 10.0, "q3": 26.0, "q4": 1119.0, "Variance": 4867.453752380812}, "CountLineComment": {"q0": 0.0, "q1": 0.0, "q2": 0.0, "q3": 6.0, "q4": 1115.0, "Variance": 3444.2557765775987}, "CountStmt": {"q0": 1.0, "q1": 4.0, "q2": 9.0, "q3": 28.0, "q4": 790.0, "Variance": 3832.721023168939}, "CountDeclInstanceVariable": {"q0": 0.0, "q1": 0.0, "q2": 0.0, "q3": 0.0, "q4": 18.0, "Variance": 4.008506452599276}, "CountDeclInstanceMethod": {"q0": 0.0, "q1": 1.0, "q2": 1.0, "q3": 4.0, "q4": 221.0, "Variance": 170.02893906963212}}