{"PercentLackOfCohesion": {"q0": 0.0, "q1": 0.0, "q2": 0.0, "q3": 47.0, "q4": 100.0, "Variance": 946.4039770842174}, "CountClassCoupled": {"q0": 0.0, "q1": 1.0, "q2": 2.0, "q3": 5.0, "q4": 36.0, "Variance": 20.542656919100345}, "MaxNesting": {"q0": 0.0, "q1": 0.0, "q2": 0.0, "q3": 2.0, "q4": 12.0, "Variance": 2.2593206280621887}, "AvgCyclomatic": {"q0": 0.0, "q1": 1.0, "q2": 1.0, "q3": 2.0, "q4": 25.0, "Variance": 4.005495158365804}, "MaxCyclomatic": {"q0": 0.0, "q1": 1.0, "q2": 1.0, "q3": 4.0, "q4": 68.0, "Variance": 31.21773426951121}, "SumCyclomatic": {"q0": 0.0, "q1": 0.0, "q2": 2.0, "q3": 12.0, "q4": 97.0, "Variance": 266.98975695382126}, "CountLine": {"q0": 1.0, "q1": 12.0, "q2": 34.0, "q3": 87.0, "q4": 4704.0, "Variance": 41116.910607229656}, "CountLineBlank": {"q0": 0.0, "q1": 2.0, "q2": 5.0, "q3": 14.0, "q4": 786.0, "Variance": 1160.4905910265807}, "CountLineCode": {"q0": 1.0, "q1": 9.0, "q2": 25.0, "q3": 68.0, "q4": 3601.0, "Variance": 24095.85140079472}, "CountLineCodeDecl": {"q0": 0.0, "q1": 3.0, "q2": 9.0, "q3": 23.0, "q4": 928.0, "Variance": 1921.5472396898265}, "CountLineCodeExe": {"q0": 0.0, "q1": 4.0, "q2": 12.0, "q3": 37.0, "q4": 2035.0, "Variance": 9061.300118051}, "CountLineComment": {"q0": 0.0, "q1": 0.0, "q2": 1.0, "q3": 4.0, "q4": 360.0, "Variance": 555.5088707997376}, "CountStmt": {"q0": 0.0, "q1": 6.0, "q2": 17.0, "q3": 46.0, "q4": 2537.0, "Variance": 12358.72854017978}, "CountDeclInstanceVariable": {"q0": 0.0, "q1": 0.0, "q2": 0.0, "q3": 2.0, "q4": 32.0, "Variance": 6.956394043439681}, "CountDeclInstanceMethod": {"q0": 0.0, "q1": 1.0, "q2": 2.0, "q3": 7.0, "q4": 132.0, "Variance": 87.26932448593804}}