{"PercentLackOfCohesion": {"q0": 0.0, "q1": 0.0, "q2": 0.0, "q3": 50.0, "q4": 100.0, "Variance": 1069.976126236612}, "CountClassCoupled": {"q0": 0.0, "q1": 1.0, "q2": 2.0, "q3": 5.0, "q4": 36.0, "Variance": 19.658800973100057}, "MaxNesting": {"q0": 0.0, "q1": 0.0, "q2": 1.0, "q3": 2.0, "q4": 14.0, "Variance": 2.8943348272032687}, "AvgCyclomatic": {"q0": 0.0, "q1": 1.0, "q2": 1.0, "q3": 2.0, "q4": 25.0, "Variance": 5.658560567789695}, "MaxCyclomatic": {"q0": 0.0, "q1": 1.0, "q2": 2.0, "q3": 5.0, "q4": 74.0, "Variance": 48.04555788921971}, "SumCyclomatic": {"q0": 0.0, "q1": 0.0, "q2": 10.0, "q3": 25.0, "q4": 97.0, "Variance": 437.0611306305063}, "CountLine": {"q0": 0.0, "q1": 15.0, "q2": 35.0, "q3": 96.0, "q4": 4788.0, "Variance": 49792.15598514468}, "CountLineBlank": {"q0": 0.0, "q1": 1.0, "q2": 4.0, "q3": 14.0, "q4": 855.0, "Variance": 1401.6910705129353}, "CountLineCode": {"q0": 0.0, "q1": 10.0, "q2": 26.0, "q3": 71.0, "q4": 3650.0, "Variance": 29410.05753592137}, "CountLineCodeDecl": {"q0": 0.0, "q1": 3.0, "q2": 9.0, "q3": 22.0, "q4": 928.0, "Variance": 2079.7330439806356}, "CountLineCodeExe": {"q0": 0.0, "q1": 4.0, "q2": 13.0, "q3": 42.0, "q4": 2035.0, "Variance": 11073.329406713265}, "CountLineComment": {"q0": 0.0, "q1": 0.0, "q2": 5.0, "q3": 9.0, "q4": 583.0, "Variance": 881.1631956796348}, "CountStmt": {"q0": 0.0, "q1": 6.0, "q2": 18.0, "q3": 49.0, "q4": 2537.0, "Variance": 14818.144513912915}, "CountDeclInstanceVariable": {"q0": 0.0, "q1": 0.0, "q2": 0.0, "q3": 2.0, "q4": 28.0, "Variance": 7.955094020675941}, "CountDeclInstanceMethod": {"q0": 0.0, "q1": 1.0, "q2": 2.0, "q3": 6.0, "q4": 131.0, "Variance": 77.50911509729104}}