{"PercentLackOfCohesion": {"q0": 0.0, "q1": 0.0, "q2": 0.0, "q3": 50.0, "q4": 100.0, "Variance": 1055.9859114445223}, "CountClassCoupled": {"q0": 0.0, "q1": 1.0, "q2": 2.0, "q3": 5.0, "q4": 36.0, "Variance": 19.430981597161775}, "MaxNesting": {"q0": 0.0, "q1": 0.0, "q2": 1.0, "q3": 2.0, "q4": 14.0, "Variance": 2.7388664650545795}, "AvgCyclomatic": {"q0": 0.0, "q1": 1.0, "q2": 1.0, "q3": 2.0, "q4": 25.0, "Variance": 6.577189045293447}, "MaxCyclomatic": {"q0": 0.0, "q1": 1.0, "q2": 2.0, "q3": 5.0, "q4": 261.0, "Variance": 140.56235017977303}, "SumCyclomatic": {"q0": 0.0, "q1": 0.0, "q2": 9.0, "q3": 25.0, "q4": 97.0, "Variance": 443.0956910701859}, "CountLine": {"q0": 0.0, "q1": 15.0, "q2": 36.0, "q3": 96.5, "q4": 4788.0, "Variance": 57171.70108871427}, "CountLineBlank": {"q0": 0.0, "q1": 1.0, "q2": 5.0, "q3": 15.0, "q4": 855.0, "Variance": 1706.31890066084}, "CountLineCode": {"q0": 0.0, "q1": 11.0, "q2": 26.0, "q3": 71.5, "q4": 3650.0, "Variance": 32071.349530673873}, "CountLineCodeDecl": {"q0": 0.0, "q1": 3.0, "q2": 9.0, "q3": 21.0, "q4": 928.0, "Variance": 2120.2370961741835}, "CountLineCodeExe": {"q0": 0.0, "q1": 4.0, "q2": 13.0, "q3": 42.0, "q4": 2035.0, "Variance": 12436.815558227523}, "CountLineComment": {"q0": 0.0, "q1": 0.0, "q2": 5.0, "q3": 9.0, "q4": 583.0, "Variance": 1275.313544580697}, "CountStmt": {"q0": 0.0, "q1": 7.0, "q2": 18.0, "q3": 49.0, "q4": 2537.0, "Variance": 15323.586884148617}, "CountDeclInstanceVariable": {"q0": 0.0, "q1": 0.0, "q2": 0.0, "q3": 2.0, "q4": 28.0, "Variance": 7.864632012958591}, "CountDeclInstanceMethod": {"q0": 0.0, "q1": 1.0, "q2": 2.0, "q3": 6.0, "q4": 131.0, "Variance": 81.63907208059446}}