{"PercentLackOfCohesion": {"q0": 0.0, "q1": 0.0, "q2": 0.0, "q3": 50.0, "q4": 100.0, "Variance": 1068.4730268603228}, "CountClassCoupled": {"q0": 0.0, "q1": 1.0, "q2": 2.0, "q3": 5.0, "q4": 33.0, "Variance": 19.326961472761056}, "MaxNesting": {"q0": 0.0, "q1": 0.0, "q2": 1.0, "q3": 2.0, "q4": 14.0, "Variance": 2.8945943655398927}, "AvgCyclomatic": {"q0": 0.0, "q1": 1.0, "q2": 1.0, "q3": 2.0, "q4": 21.0, "Variance": 5.3823507074994055}, "MaxCyclomatic": {"q0": 0.0, "q1": 1.0, "q2": 2.0, "q3": 5.0, "q4": 74.0, "Variance": 47.823078370858234}, "SumCyclomatic": {"q0": 0.0, "q1": 0.0, "q2": 10.0, "q3": 25.0, "q4": 97.0, "Variance": 438.026378237019}, "CountLine": {"q0": 0.0, "q1": 15.0, "q2": 35.5, "q3": 96.0, "q4": 4788.0, "Variance": 49888.055038676925}, "CountLineBlank": {"q0": 0.0, "q1": 1.0, "q2": 4.0, "q3": 14.0, "q4": 855.0, "Variance": 1409.3659009060573}, "CountLineCode": {"q0": 0.0, "q1": 10.0, "q2": 26.0, "q3": 71.0, "q4": 3650.0, "Variance": 29410.366492506757}, "CountLineCodeDecl": {"q0": 0.0, "q1": 3.0, "q2": 9.0, "q3": 22.0, "q4": 928.0, "Variance": 2083.549712069315}, "CountLineCodeExe": {"q0": 0.0, "q1": 4.0, "q2": 13.0, "q3": 42.0, "q4": 2035.0, "Variance": 11018.285185658058}, "CountLineComment": {"q0": 0.0, "q1": 0.0, "q2": 5.0, "q3": 9.0, "q4": 583.0, "Variance": 887.7743150639698}, "CountStmt": {"q0": 0.0, "q1": 6.0, "q2": 18.0, "q3": 49.0, "q4": 2537.0, "Variance": 14778.11789748963}, "CountDeclInstanceVariable": {"q0": 0.0, "q1": 0.0, "q2": 0.0, "q3": 2.0, "q4": 28.0, "Variance": 7.988343540050542}, "CountDeclInstanceMethod": {"q0": 0.0, "q1": 1.0, "q2": 2.0, "q3": 6.0, "q4": 131.0, "Variance": 77.40221528321989}}