{"PercentLackOfCohesion": {"q0": 0.0, "q1": 0.0, "q2": 0.0, "q3": 50.0, "q4": 100.0, "Variance": 966.9895037608068}, "CountClassCoupled": {"q0": 0.0, "q1": 1.0, "q2": 2.0, "q3": 5.0, "q4": 37.0, "Variance": 21.377135857182985}, "MaxNesting": {"q0": 0.0, "q1": 0.0, "q2": 0.0, "q3": 2.0, "q4": 12.0, "Variance": 2.1640660403857557}, "AvgCyclomatic": {"q0": 0.0, "q1": 1.0, "q2": 1.0, "q3": 2.0, "q4": 25.0, "Variance": 3.7900127961049908}, "MaxCyclomatic": {"q0": 0.0, "q1": 1.0, "q2": 1.0, "q3": 3.0, "q4": 68.0, "Variance": 26.194588183889394}, "SumCyclomatic": {"q0": 0.0, "q1": 0.0, "q2": 4.0, "q3": 17.0, "q4": 97.0, "Variance": 314.9283118504417}, "CountLine": {"q0": 1.0, "q1": 13.0, "q2": 34.0, "q3": 89.0, "q4": 4704.0, "Variance": 38312.656478886434}, "CountLineBlank": {"q0": 0.0, "q1": 2.0, "q2": 5.0, "q3": 14.0, "q4": 786.0, "Variance": 1040.7454436503228}, "CountLineCode": {"q0": 1.0, "q1": 10.0, "q2": 25.5, "q3": 68.0, "q4": 3601.0, "Variance": 22134.411481851384}, "CountLineCodeDecl": {"q0": 0.0, "q1": 4.0, "q2": 10.0, "q3": 23.0, "q4": 928.0, "Variance": 1723.4846006678943}, "CountLineCodeExe": {"q0": 0.0, "q1": 4.0, "q2": 13.0, "q3": 37.0, "q4": 2035.0, "Variance": 8251.236553478357}, "CountLineComment": {"q0": 0.0, "q1": 0.0, "q2": 3.0, "q3": 6.0, "q4": 360.0, "Variance": 607.8616447676416}, "CountStmt": {"q0": 0.0, "q1": 6.0, "q2": 17.0, "q3": 46.0, "q4": 2537.0, "Variance": 11205.928234449611}, "CountDeclInstanceVariable": {"q0": 0.0, "q1": 0.0, "q2": 0.0, "q3": 2.0, "q4": 32.0, "Variance": 6.819658874566961}, "CountDeclInstanceMethod": {"q0": 0.0, "q1": 1.0, "q2": 2.0, "q3": 6.0, "q4": 135.0, "Variance": 80.50135014512655}}