{"PercentLackOfCohesion": {"q0": 0.0, "q1": 0.0, "q2": 0.0, "q3": 50.0, "q4": 100.0, "Variance": 995.8312396190495}, "CountClassCoupled": {"q0": 0.0, "q1": 1.0, "q2": 3.0, "q3": 6.0, "q4": 28.0, "Variance": 19.2208211648256}, "MaxNesting": {"q0": 0.0, "q1": 0.0, "q2": 1.0, "q3": 2.0, "q4": 14.0, "Variance": 3.0967974099492945}, "AvgCyclomatic": {"q0": 0.0, "q1": 1.0, "q2": 1.0, "q3": 2.0, "q4": 22.0, "Variance": 6.245123694263362}, "MaxCyclomatic": {"q0": 0.0, "q1": 1.0, "q2": 2.0, "q3": 4.0, "q4": 74.0, "Variance": 54.92767942387339}, "SumCyclomatic": {"q0": 0.0, "q1": 0.0, "q2": 9.0, "q3": 25.0, "q4": 97.0, "Variance": 386.69068393667015}, "CountLine": {"q0": 0.0, "q1": 14.0, "q2": 31.0, "q3": 85.0, "q4": 1514.0, "Variance": 18018.965286438335}, "CountLineBlank": {"q0": 0.0, "q1": 1.0, "q2": 4.0, "q3": 12.0, "q4": 247.0, "Variance": 347.73502584765345}, "CountLineCode": {"q0": 0.0, "q1": 8.0, "q2": 25.0, "q3": 67.5, "q4": 1377.0, "Variance": 11411.299206409005}, "CountLineCodeDecl": {"q0": 0.0, "q1": 3.0, "q2": 8.0, "q3": 20.0, "q4": 380.0, "Variance": 939.490293494848}, "CountLineCodeExe": {"q0": 0.0, "q1": 4.0, "q2": 13.0, "q3": 38.0, "q4": 926.0, "Variance": 5253.94840590206}, "CountLineComment": {"q0": 0.0, "q1": 0.0, "q2": 5.0, "q3": 6.0, "q4": 329.0, "Variance": 471.75275766405133}, "CountStmt": {"q0": 0.0, "q1": 6.0, "q2": 16.0, "q3": 46.0, "q4": 890.0, "Variance": 5945.119841574183}, "CountDeclInstanceVariable": {"q0": 0.0, "q1": 0.0, "q2": 0.0, "q3": 2.0, "q4": 28.0, "Variance": 8.960491380929302}, "CountDeclInstanceMethod": {"q0": 0.0, "q1": 1.0, "q2": 2.0, "q3": 6.0, "q4": 121.0, "Variance": 71.11438978283923}}