{"PercentLackOfCohesion": {"q0": 0.0, "q1": 0.0, "q2": 0.0, "q3": 50.0, "q4": 100.0, "Variance": 962.959373051468}, "CountClassCoupled": {"q0": 0.0, "q1": 1.0, "q2": 2.0, "q3": 5.0, "q4": 52.0, "Variance": 20.547329040192793}, "MaxNesting": {"q0": 0.0, "q1": 0.0, "q2": 1.0, "q3": 2.0, "q4": 14.0, "Variance": 2.4340960270986605}, "AvgCyclomatic": {"q0": 0.0, "q1": 1.0, "q2": 1.0, "q3": 2.0, "q4": 25.0, "Variance": 5.62258081416221}, "MaxCyclomatic": {"q0": 0.0, "q1": 1.0, "q2": 2.0, "q3": 4.0, "q4": 261.0, "Variance": 132.6232142213}, "SumCyclomatic": {"q0": 0.0, "q1": 0.0, "q2": 4.0, "q3": 16.0, "q4": 95.0, "Variance": 328.7039536629398}, "CountLine": {"q0": 1.0, "q1": 13.0, "q2": 31.5, "q3": 83.0, "q4": 4704.0, "Variance": 55858.3858484392}, "CountLineBlank": {"q0": 0.0, "q1": 2.0, "q2": 5.0, "q3": 14.0, "q4": 786.0, "Variance": 1505.0796212096488}, "CountLineCode": {"q0": 1.0, "q1": 10.0, "q2": 23.0, "q3": 63.0, "q4": 3601.0, "Variance": 31871.792699370806}, "CountLineCodeDecl": {"q0": 0.0, "q1": 3.0, "q2": 8.0, "q3": 19.0, "q4": 928.0, "Variance": 1984.3917401991519}, "CountLineCodeExe": {"q0": 0.0, "q1": 4.0, "q2": 12.0, "q3": 37.0, "q4": 2135.0, "Variance": 14263.21799039454}, "CountLineComment": {"q0": 0.0, "q1": 0.0, "q2": 3.0, "q3": 5.0, "q4": 420.0, "Variance": 985.9045745307635}, "CountStmt": {"q0": 0.0, "q1": 6.0, "q2": 16.0, "q3": 45.0, "q4": 2537.0, "Variance": 14529.932679771684}, "CountDeclInstanceVariable": {"q0": 0.0, "q1": 0.0, "q2": 0.0, "q3": 2.0, "q4": 31.0, "Variance": 7.423878633180399}, "CountDeclInstanceMethod": {"q0": 0.0, "q1": 1.0, "q2": 2.0, "q3": 6.0, "q4": 132.0, "Variance": 81.42660851058713}}