{"PercentLackOfCohesion": {"q0": 0.0, "q1": 0.0, "q2": 0.0, "q3": 50.0, "q4": 100.0, "Variance": 1057.6034363618626}, "CountClassCoupled": {"q0": 0.0, "q1": 1.0, "q2": 2.0, "q3": 5.0, "q4": 36.0, "Variance": 19.43896286781709}, "MaxNesting": {"q0": 0.0, "q1": 0.0, "q2": 1.0, "q3": 2.0, "q4": 14.0, "Variance": 2.741039426523298}, "AvgCyclomatic": {"q0": 0.0, "q1": 1.0, "q2": 1.0, "q3": 2.0, "q4": 25.0, "Variance": 6.577934858798704}, "MaxCyclomatic": {"q0": 0.0, "q1": 1.0, "q2": 2.0, "q3": 5.0, "q4": 261.0, "Variance": 140.7891934761244}, "SumCyclomatic": {"q0": 0.0, "q1": 0.0, "q2": 9.0, "q3": 25.0, "q4": 97.0, "Variance": 443.25717523340836}, "CountLine": {"q0": 0.0, "q1": 15.5, "q2": 36.0, "q3": 97.0, "q4": 4788.0, "Variance": 57281.35256198332}, "CountLineBlank": {"q0": 0.0, "q1": 1.0, "q2": 5.0, "q3": 15.0, "q4": 855.0, "Variance": 1709.5701020349172}, "CountLineCode": {"q0": 0.0, "q1": 11.0, "q2": 26.0, "q3": 72.0, "q4": 3650.0, "Variance": 32132.97306769569}, "CountLineCodeDecl": {"q0": 0.0, "q1": 3.0, "q2": 9.0, "q3": 22.0, "q4": 928.0, "Variance": 2124.346514047867}, "CountLineCodeExe": {"q0": 0.0, "q1": 4.5, "q2": 14.0, "q3": 42.0, "q4": 2035.0, "Variance": 12460.742990519133}, "CountLineComment": {"q0": 0.0, "q1": 0.0, "q2": 5.0, "q3": 9.0, "q4": 583.0, "Variance": 1277.952826464765}, "CountStmt": {"q0": 0.0, "q1": 7.0, "q2": 18.0, "q3": 49.0, "q4": 2537.0, "Variance": 15352.426736020789}, "CountDeclInstanceVariable": {"q0": 0.0, "q1": 0.0, "q2": 0.0, "q3": 2.0, "q4": 28.0, "Variance": 7.93079944213204}, "CountDeclInstanceMethod": {"q0": 0.0, "q1": 1.0, "q2": 2.0, "q3": 6.0, "q4": 131.0, "Variance": 81.76553647820559}}