{"PercentLackOfCohesion": {"q0": 0.0, "q1": 0.0, "q2": 0.0, "q3": 50.0, "q4": 100.0, "Variance": 1035.9117786904978}, "CountClassCoupled": {"q0": 0.0, "q1": 1.0, "q2": 2.0, "q3": 5.0, "q4": 44.0, "Variance": 22.851406902662386}, "MaxNesting": {"q0": 0.0, "q1": 0.0, "q2": 0.0, "q3": 2.0, "q4": 12.0, "Variance": 1.9985835722388168}, "AvgCyclomatic": {"q0": 0.0, "q1": 1.0, "q2": 1.0, "q3": 2.0, "q4": 23.0, "Variance": 2.555776288883687}, "MaxCyclomatic": {"q0": 0.0, "q1": 1.0, "q2": 1.0, "q3": 3.0, "q4": 71.0, "Variance": 23.315989428807498}, "SumCyclomatic": {"q0": 0.0, "q1": 0.0, "q2": 4.0, "q3": 15.0, "q4": 91.0, "Variance": 290.48699373877577}, "CountLine": {"q0": 1.0, "q1": 13.0, "q2": 35.0, "q3": 93.0, "q4": 5137.0, "Variance": 61267.66791437681}, "CountLineBlank": {"q0": 0.0, "q1": 2.0, "q2": 5.0, "q3": 15.0, "q4": 852.0, "Variance": 1263.0350183533208}, "CountLineCode": {"q0": 1.0, "q1": 10.0, "q2": 27.0, "q3": 71.0, "q4": 4035.0, "Variance": 36782.076427080974}, "CountLineCodeDecl": {"q0": 0.0, "q1": 4.0, "q2": 10.0, "q3": 25.0, "q4": 1132.0, "Variance": 3023.585455251931}, "CountLineCodeExe": {"q0": 0.0, "q1": 4.0, "q2": 13.0, "q3": 39.0, "q4": 2149.0, "Variance": 12148.585992080722}, "CountLineComment": {"q0": 0.0, "q1": 0.0, "q2": 2.0, "q3": 6.0, "q4": 530.0, "Variance": 951.9262817370847}, "CountStmt": {"q0": 0.0, "q1": 6.0, "q2": 18.0, "q3": 47.0, "q4": 2738.0, "Variance": 16782.680256548592}, "CountDeclInstanceVariable": {"q0": 0.0, "q1": 0.0, "q2": 0.0, "q3": 2.0, "q4": 32.0, "Variance": 8.203187140294146}, "CountDeclInstanceMethod": {"q0": 0.0, "q1": 1.0, "q2": 2.0, "q3": 7.0, "q4": 136.0, "Variance": 89.35171266166826}}