{"PercentLackOfCohesion": {"q0": 0.0, "q1": 0.0, "q2": 0.0, "q3": 55.0, "q4": 100.0, "Variance": 1028.5857484526168}, "CountClassCoupled": {"q0": 0.0, "q1": 1.0, "q2": 2.0, "q3": 5.0, "q4": 56.0, "Variance": 37.94309476593954}, "MaxNesting": {"q0": 0.0, "q1": 0.0, "q2": 1.0, "q3": 2.0, "q4": 5.0, "Variance": 1.1377825851811791}, "AvgCyclomatic": {"q0": 0.0, "q1": 1.0, "q2": 1.0, "q3": 2.0, "q4": 9.0, "Variance": 1.0429565530917613}, "MaxCyclomatic": {"q0": 0.0, "q1": 1.0, "q2": 2.0, "q3": 3.0, "q4": 30.0, "Variance": 12.730158043386817}, "SumCyclomatic": {"q0": 0.0, "q1": 0.0, "q2": 3.0, "q3": 15.0, "q4": 90.0, "Variance": 253.15087795204613}, "CountLine": {"q0": 1.0, "q1": 11.0, "q2": 31.0, "q3": 109.0, "q4": 3789.0, "Variance": 105296.80004807403}, "CountLineBlank": {"q0": 0.0, "q1": 1.0, "q2": 4.0, "q3": 16.0, "q4": 625.0, "Variance": 2384.2554077279005}, "CountLineCode": {"q0": 1.0, "q1": 10.0, "q2": 24.0, "q3": 81.0, "q4": 3017.0, "Variance": 62775.77091761311}, "CountLineCodeDecl": {"q0": 0.0, "q1": 2.0, "q2": 7.0, "q3": 24.0, "q4": 656.0, "Variance": 3609.8229096809087}, "CountLineCodeExe": {"q0": 0.0, "q1": 6.0, "q2": 13.0, "q3": 51.0, "q4": 2311.0, "Variance": 38258.848434589265}, "CountLineComment": {"q0": 0.0, "q1": 0.0, "q2": 1.0, "q3": 9.0, "q4": 711.0, "Variance": 2936.8851535364456}, "CountStmt": {"q0": 0.0, "q1": 6.0, "q2": 17.0, "q3": 57.0, "q4": 2128.0, "Variance": 29152.17168679767}, "CountDeclInstanceVariable": {"q0": 0.0, "q1": 0.0, "q2": 1.0, "q3": 2.0, "q4": 28.0, "Variance": 12.37829457364341}, "CountDeclInstanceMethod": {"q0": 0.0, "q1": 1.0, "q2": 3.0, "q3": 7.0, "q4": 273.0, "Variance": 414.72731206057324}}