{"PercentLackOfCohesion": {"q0": 0.0, "q1": 0.0, "q2": 0.0, "q3": 50.0, "q4": 100.0, "Variance": 969.9691771805828}, "CountClassCoupled": {"q0": 0.0, "q1": 1.0, "q2": 2.0, "q3": 5.0, "q4": 52.0, "Variance": 31.821720311726185}, "MaxNesting": {"q0": 0.0, "q1": 0.0, "q2": 1.0, "q3": 1.0, "q4": 5.0, "Variance": 1.067800261060554}, "AvgCyclomatic": {"q0": 0.0, "q1": 1.0, "q2": 1.0, "q3": 2.0, "q4": 9.0, "Variance": 0.9705782178290735}, "MaxCyclomatic": {"q0": 0.0, "q1": 1.0, "q2": 2.0, "q3": 3.0, "q4": 30.0, "Variance": 11.332925848124615}, "SumCyclomatic": {"q0": 0.0, "q1": 0.0, "q2": 1.0, "q3": 13.0, "q4": 95.0, "Variance": 254.09101403062402}, "CountLine": {"q0": 1.0, "q1": 8.0, "q2": 23.0, "q3": 94.0, "q4": 3794.0, "Variance": 88635.76206300432}, "CountLineBlank": {"q0": 0.0, "q1": 0.0, "q2": 3.0, "q3": 12.0, "q4": 598.0, "Variance": 1985.0598874383481}, "CountLineCode": {"q0": 1.0, "q1": 8.0, "q2": 18.0, "q3": 65.0, "q4": 3024.0, "Variance": 52925.400304509276}, "CountLineCodeDecl": {"q0": 0.0, "q1": 1.0, "q2": 6.0, "q3": 19.0, "q4": 651.0, "Variance": 3003.9401806804144}, "CountLineCodeExe": {"q0": 0.0, "q1": 5.0, "q2": 11.0, "q3": 38.0, "q4": 2264.0, "Variance": 31857.08259860191}, "CountLineComment": {"q0": 0.0, "q1": 0.0, "q2": 1.0, "q3": 7.0, "q4": 710.0, "Variance": 2394.665435619485}, "CountStmt": {"q0": 0.0, "q1": 4.0, "q2": 12.0, "q3": 46.0, "q4": 2134.0, "Variance": 24696.1407407271}, "CountDeclInstanceVariable": {"q0": 0.0, "q1": 0.0, "q2": 0.0, "q3": 2.0, "q4": 27.0, "Variance": 11.033114923716193}, "CountDeclInstanceMethod": {"q0": 0.0, "q1": 1.0, "q2": 2.0, "q3": 6.0, "q4": 273.0, "Variance": 350.63955417190596}}