{"PercentLackOfCohesion": {"q0": 0.0, "q1": 0.0, "q2": 33.0, "q3": 73.5, "q4": 92.0, "Variance": 1300.109375}, "CountClassCoupled": {"q0": 0.0, "q1": 1.0, "q2": 2.5, "q3": 3.0, "q4": 4.0, "Variance": 1.609375}, "MaxNesting": {"q0": 0.0, "q1": 1.0, "q2": 1.0, "q3": 2.0, "q4": 3.0, "Variance": 0.734375}, "AvgCyclomatic": {"q0": 1.0, "q1": 1.0, "q2": 1.0, "q3": 3.0, "q4": 5.0, "Variance": 2.25}, "MaxCyclomatic": {"q0": 1.0, "q1": 1.5, "q2": 2.0, "q3": 6.0, "q4": 14.0, "Variance": 17.1875}, "SumCyclomatic": {"q0": 0.0, "q1": 5.0, "q2": 13.0, "q3": 24.5, "q4": 50.0, "Variance": 231.109375}, "CountLine": {"q0": 10.0, "q1": 33.0, "q2": 74.0, "q3": 109.0, "q4": 461.0, "Variance": 18576.859375}, "CountLineBlank": {"q0": 0.0, "q1": 1.0, "q2": 8.0, "q3": 16.5, "q4": 43.0, "Variance": 178.1875}, "CountLineCode": {"q0": 10.0, "q1": 25.5, "q2": 55.5, "q3": 86.5, "q4": 335.0, "Variance": 9696.0}, "CountLineCodeDecl": {"q0": 1.0, "q1": 3.0, "q2": 11.0, "q3": 26.0, "q4": 69.0, "Variance": 452.6875}, "CountLineCodeExe": {"q0": 6.0, "q1": 10.5, "q2": 43.0, "q3": 59.5, "q4": 222.0, "Variance": 4351.6875}, "CountLineComment": {"q0": 0.0, "q1": 2.0, "q2": 6.0, "q3": 16.0, "q4": 88.0, "Variance": 756.5}, "CountStmt": {"q0": 6.0, "q1": 18.5, "q2": 38.0, "q3": 64.5, "q4": 232.0, "Variance": 4669.75}, "CountDeclInstanceVariable": {"q0": 0.0, "q1": 0.5, "q2": 1.0, "q3": 5.0, "q4": 11.0, "Variance": 13.0}, "CountDeclInstanceMethod": {"q0": 1.0, "q1": 2.0, "q2": 5.0, "q3": 12.0, "q4": 21.0, "Variance": 46.5}}