{"PercentLackOfCohesion": {"q0": 0.0, "q1": 0.0, "q2": 3.0, "q3": 58.0, "q4": 95.0, "Variance": 1103.828593316097}, "CountClassCoupled": {"q0": 0.0, "q1": 1.0, "q2": 1.0, "q3": 4.0, "q4": 20.0, "Variance": 11.845063679019438}, "MaxNesting": {"q0": 0.0, "q1": 0.0, "q2": 1.0, "q3": 2.0, "q4": 4.0, "Variance": 1.2364263142775065}, "AvgCyclomatic": {"q0": 0.0, "q1": 1.0, "q2": 1.0, "q3": 2.0, "q4": 9.0, "Variance": 1.6061157394107695}, "MaxCyclomatic": {"q0": 0.0, "q1": 1.0, "q2": 2.0, "q3": 5.0, "q4": 20.0, "Variance": 12.86048070477832}, "SumCyclomatic": {"q0": 0.0, "q1": 0.0, "q2": 4.0, "q3": 23.0, "q4": 96.0, "Variance": 301.3373551661399}, "CountLine": {"q0": 1.0, "q1": 11.5, "q2": 40.0, "q3": 125.0, "q4": 2590.0, "Variance": 78058.44629576431}, "CountLineBlank": {"q0": 0.0, "q1": 0.0, "q2": 4.0, "q3": 13.0, "q4": 390.0, "Variance": 1564.719588879313}, "CountLineCode": {"q0": 1.0, "q1": 10.0, "q2": 31.0, "q3": 92.0, "q4": 2086.0, "Variance": 47252.7571259855}, "CountLineCodeDecl": {"q0": 0.0, "q1": 2.0, "q2": 9.0, "q3": 25.0, "q4": 535.0, "Variance": 3035.1941651504994}, "CountLineCodeExe": {"q0": 0.0, "q1": 6.0, "q2": 17.0, "q3": 62.0, "q4": 1516.0, "Variance": 25429.982252864756}, "CountLineComment": {"q0": 0.0, "q1": 0.0, "q2": 2.0, "q3": 14.0, "q4": 206.0, "Variance": 1312.988030259504}, "CountStmt": {"q0": 0.0, "q1": 7.0, "q2": 22.0, "q3": 72.0, "q4": 1622.0, "Variance": 27415.214657346227}, "CountDeclInstanceVariable": {"q0": 0.0, "q1": 0.0, "q2": 1.0, "q3": 4.0, "q4": 21.0, "Variance": 14.803600497941204}, "CountDeclInstanceMethod": {"q0": 0.0, "q1": 1.0, "q2": 3.0, "q3": 8.0, "q4": 195.0, "Variance": 368.08969325545024}}