{"PercentLackOfCohesion": {"q0": 0.0, "q1": 0.0, "q2": 0.0, "q3": 50.0, "q4": 100.0, "Variance": 949.9877194535302}, "CountClassCoupled": {"q0": 0.0, "q1": 1.0, "q2": 2.0, "q3": 5.0, "q4": 53.0, "Variance": 32.146045050626896}, "MaxNesting": {"q0": 0.0, "q1": 0.0, "q2": 1.0, "q3": 1.0, "q4": 5.0, "Variance": 1.0808074778359396}, "AvgCyclomatic": {"q0": 0.0, "q1": 1.0, "q2": 1.0, "q3": 2.0, "q4": 9.0, "Variance": 1.0020687142477804}, "MaxCyclomatic": {"q0": 0.0, "q1": 1.0, "q2": 2.0, "q3": 3.0, "q4": 30.0, "Variance": 11.419043286559122}, "SumCyclomatic": {"q0": 0.0, "q1": 0.0, "q2": 0.0, "q3": 14.0, "q4": 97.0, "Variance": 249.7140892820018}, "CountLine": {"q0": 1.0, "q1": 8.0, "q2": 23.0, "q3": 94.0, "q4": 3771.0, "Variance": 89665.68611532517}, "CountLineBlank": {"q0": 0.0, "q1": 0.0, "q2": 3.0, "q3": 12.0, "q4": 597.0, "Variance": 2007.73576858395}, "CountLineCode": {"q0": 1.0, "q1": 8.0, "q2": 17.0, "q3": 65.0, "q4": 3005.0, "Variance": 53486.00468496878}, "CountLineCodeDecl": {"q0": 0.0, "q1": 1.0, "q2": 5.0, "q3": 19.0, "q4": 659.0, "Variance": 3063.7579871924972}, "CountLineCodeExe": {"q0": 0.0, "q1": 5.0, "q2": 10.0, "q3": 38.0, "q4": 2238.0, "Variance": 32024.728986083006}, "CountLineComment": {"q0": 0.0, "q1": 0.0, "q2": 0.0, "q3": 7.0, "q4": 715.0, "Variance": 2455.0425537608403}, "CountStmt": {"q0": 0.0, "q1": 4.0, "q2": 11.0, "q3": 48.0, "q4": 2128.0, "Variance": 25325.182341208172}, "CountDeclInstanceVariable": {"q0": 0.0, "q1": 0.0, "q2": 0.0, "q3": 2.0, "q4": 27.0, "Variance": 11.149192378074511}, "CountDeclInstanceMethod": {"q0": 0.0, "q1": 1.0, "q2": 2.0, "q3": 6.0, "q4": 272.0, "Variance": 361.1015481392894}}