{"PercentLackOfCohesion": {"q0": 0.0, "q1": 0.0, "q2": 0.0, "q3": 50.0, "q4": 100.0, "Variance": 984.5892674518816}, "CountClassCoupled": {"q0": 0.0, "q1": 1.0, "q2": 2.0, "q3": 5.0, "q4": 49.0, "Variance": 26.88540361964952}, "MaxNesting": {"q0": 0.0, "q1": 0.0, "q2": 1.0, "q3": 2.0, "q4": 5.0, "Variance": 1.0528037920137892}, "AvgCyclomatic": {"q0": 0.0, "q1": 1.0, "q2": 1.0, "q3": 2.0, "q4": 9.0, "Variance": 0.9889801781097386}, "MaxCyclomatic": {"q0": 0.0, "q1": 1.0, "q2": 2.0, "q3": 3.0, "q4": 25.0, "Variance": 10.105259982763572}, "SumCyclomatic": {"q0": 0.0, "q1": 0.0, "q2": 3.0, "q3": 16.0, "q4": 94.0, "Variance": 275.4260988221775}, "CountLine": {"q0": 3.0, "q1": 9.0, "q2": 25.0, "q3": 95.0, "q4": 3620.0, "Variance": 90804.56110600402}, "CountLineBlank": {"q0": 0.0, "q1": 0.0, "q2": 4.0, "q3": 12.0, "q4": 575.0, "Variance": 1960.5870152255106}, "CountLineCode": {"q0": 3.0, "q1": 8.0, "q2": 20.0, "q3": 69.0, "q4": 2884.0, "Variance": 53890.70066360241}, "CountLineCodeDecl": {"q0": 0.0, "q1": 1.0, "q2": 6.0, "q3": 21.0, "q4": 632.0, "Variance": 3045.7992674518823}, "CountLineCodeExe": {"q0": 0.0, "q1": 6.0, "q2": 11.5, "q3": 42.0, "q4": 2140.0, "Variance": 31814.19809250215}, "CountLineComment": {"q0": 0.0, "q1": 0.0, "q2": 1.0, "q3": 9.0, "q4": 731.0, "Variance": 2541.3142660155127}, "CountStmt": {"q0": 2.0, "q1": 5.0, "q2": 13.0, "q3": 50.0, "q4": 2055.0, "Variance": 26144.123381212295}, "CountDeclInstanceVariable": {"q0": 0.0, "q1": 0.0, "q2": 0.0, "q3": 2.0, "q4": 25.0, "Variance": 11.213872450445274}, "CountDeclInstanceMethod": {"q0": 0.0, "q1": 1.0, "q2": 2.0, "q3": 6.0, "q4": 265.0, "Variance": 378.1106004021833}}