{"PercentLackOfCohesion": {"q0": 0.0, "q1": 0.0, "q2": 0.0, "q3": 50.0, "q4": 100.0, "Variance": 969.8453066852236}, "CountClassCoupled": {"q0": 0.0, "q1": 1.0, "q2": 2.0, "q3": 5.0, "q4": 35.0, "Variance": 21.624612618375615}, "MaxNesting": {"q0": 0.0, "q1": 0.0, "q2": 1.0, "q3": 1.0, "q4": 4.0, "Variance": 0.9505404973180442}, "AvgCyclomatic": {"q0": 0.0, "q1": 1.0, "q2": 1.0, "q3": 2.0, "q4": 9.0, "Variance": 0.9835797736005635}, "MaxCyclomatic": {"q0": 0.0, "q1": 1.0, "q2": 2.0, "q3": 3.0, "q4": 20.0, "Variance": 8.050976612307172}, "SumCyclomatic": {"q0": 0.0, "q1": 0.0, "q2": 3.0, "q3": 15.0, "q4": 83.0, "Variance": 239.11855498549886}, "CountLine": {"q0": 0.0, "q1": 8.0, "q2": 28.0, "q3": 97.0, "q4": 3123.0, "Variance": 70018.06006198106}, "CountLineBlank": {"q0": 0.0, "q1": 0.0, "q2": 4.0, "q3": 13.0, "q4": 511.0, "Variance": 1609.1515596837842}, "CountLineCode": {"q0": 0.0, "q1": 8.0, "q2": 21.0, "q3": 69.0, "q4": 2454.0, "Variance": 41819.47131106799}, "CountLineCodeDecl": {"q0": 0.0, "q1": 1.0, "q2": 7.0, "q3": 21.0, "q4": 582.0, "Variance": 2586.519318294786}, "CountLineCodeExe": {"q0": 0.0, "q1": 6.0, "q2": 13.0, "q3": 41.0, "q4": 1769.0, "Variance": 23501.20339210152}, "CountLineComment": {"q0": 0.0, "q1": 0.0, "q2": 1.0, "q3": 9.0, "q4": 275.0, "Variance": 1106.7321977342767}, "CountStmt": {"q0": 0.0, "q1": 4.0, "q2": 15.0, "q3": 50.0, "q4": 1869.0, "Variance": 21826.059966891567}, "CountDeclInstanceVariable": {"q0": 0.0, "q1": 0.0, "q2": 0.0, "q3": 2.0, "q4": 24.0, "Variance": 11.617420394967173}, "CountDeclInstanceMethod": {"q0": 0.0, "q1": 1.0, "q2": 2.0, "q3": 6.0, "q4": 246.0, "Variance": 317.9525935658992}}