{"PercentLackOfCohesion": {"q0": 0.0, "q1": 0.0, "q2": 0.0, "q3": 53.5, "q4": 96.0, "Variance": 1026.1551013588773}, "CountClassCoupled": {"q0": 0.0, "q1": 1.0, "q2": 2.0, "q3": 4.0, "q4": 25.0, "Variance": 18.18527233236801}, "MaxNesting": {"q0": 0.0, "q1": 0.0, "q2": 1.0, "q3": 2.0, "q4": 4.0, "Variance": 1.2067832479394074}, "AvgCyclomatic": {"q0": 0.0, "q1": 1.0, "q2": 1.0, "q3": 2.0, "q4": 9.0, "Variance": 1.2316217420360882}, "MaxCyclomatic": {"q0": 0.0, "q1": 1.0, "q2": 2.0, "q3": 4.0, "q4": 18.0, "Variance": 10.442080641568277}, "SumCyclomatic": {"q0": 0.0, "q1": 0.0, "q2": 6.0, "q3": 20.0, "q4": 86.0, "Variance": 323.9657356872355}, "CountLine": {"q0": 1.0, "q1": 10.5, "q2": 40.5, "q3": 131.5, "q4": 2751.0, "Variance": 67673.27389173536}, "CountLineBlank": {"q0": 0.0, "q1": 0.5, "q2": 5.0, "q3": 15.0, "q4": 415.0, "Variance": 1426.999665849855}, "CountLineCode": {"q0": 1.0, "q1": 10.0, "q2": 33.0, "q3": 99.0, "q4": 2209.0, "Variance": 40224.965178770326}, "CountLineCodeDecl": {"q0": 0.0, "q1": 2.0, "q2": 9.0, "q3": 25.5, "q4": 490.0, "Variance": 2397.1988611049233}, "CountLineCodeExe": {"q0": 0.0, "q1": 6.0, "q2": 17.5, "q3": 70.0, "q4": 1610.0, "Variance": 22270.006390621522}, "CountLineComment": {"q0": 0.0, "q1": 0.0, "q2": 2.0, "q3": 16.5, "q4": 275.0, "Variance": 1370.5871435731788}, "CountStmt": {"q0": 0.0, "q1": 6.0, "q2": 23.5, "q3": 73.5, "q4": 1709.0, "Variance": 23727.398028514144}, "CountDeclInstanceVariable": {"q0": 0.0, "q1": 0.0, "q2": 1.0, "q3": 3.0, "q4": 20.0, "Variance": 11.761583871686344}, "CountDeclInstanceMethod": {"q0": 0.0, "q1": 1.0, "q2": 3.0, "q3": 8.0, "q4": 211.0, "Variance": 297.8999220316329}}