{"PercentLackOfCohesion": {"q0": 0.0, "q1": 0.0, "q2": 0.0, "q3": 50.0, "q4": 100.0, "Variance": 1007.1989637068465}, "CountClassCoupled": {"q0": 0.0, "q1": 1.0, "q2": 2.0, "q3": 5.0, "q4": 28.0, "Variance": 18.333933640609263}, "MaxNesting": {"q0": 0.0, "q1": 0.0, "q2": 1.0, "q3": 2.0, "q4": 5.0, "Variance": 1.0441988950276244}, "AvgCyclomatic": {"q0": 0.0, "q1": 1.0, "q2": 1.0, "q3": 2.0, "q4": 9.0, "Variance": 1.0343396111229815}, "MaxCyclomatic": {"q0": 0.0, "q1": 1.0, "q2": 2.0, "q3": 4.0, "q4": 18.0, "Variance": 8.452916577638044}, "SumCyclomatic": {"q0": 0.0, "q1": 0.0, "q2": 4.0, "q3": 17.0, "q4": 75.0, "Variance": 208.91789017429258}, "CountLine": {"q0": 0.0, "q1": 10.0, "q2": 32.5, "q3": 109.0, "q4": 3177.0, "Variance": 71739.47464973596}, "CountLineBlank": {"q0": 0.0, "q1": 0.0, "q2": 5.0, "q3": 13.0, "q4": 491.0, "Variance": 1606.0038460364462}, "CountLineCode": {"q0": 0.0, "q1": 9.0, "q2": 26.0, "q3": 82.0, "q4": 2529.0, "Variance": 42616.41433411678}, "CountLineCodeDecl": {"q0": 0.0, "q1": 1.0, "q2": 8.5, "q3": 22.0, "q4": 561.0, "Variance": 2512.252983730656}, "CountLineCodeExe": {"q0": 0.0, "q1": 6.0, "q2": 15.0, "q3": 47.0, "q4": 1867.0, "Variance": 23705.71921644639}, "CountLineComment": {"q0": 0.0, "q1": 0.0, "q2": 1.0, "q3": 11.0, "q4": 275.0, "Variance": 1251.9957571502703}, "CountStmt": {"q0": 0.0, "q1": 6.0, "q2": 18.0, "q3": 59.0, "q4": 1959.0, "Variance": 23757.128788803762}, "CountDeclInstanceVariable": {"q0": 0.0, "q1": 0.0, "q2": 0.0, "q3": 3.0, "q4": 24.0, "Variance": 12.773450138884648}, "CountDeclInstanceMethod": {"q0": 0.0, "q1": 1.0, "q2": 2.0, "q3": 7.0, "q4": 235.0, "Variance": 307.33458227770825}}