{"PercentLackOfCohesion": {"q0": 0.0, "q1": 0.0, "q2": 0.0, "q3": 50.0, "q4": 100.0, "Variance": 997.8920446922377}, "CountClassCoupled": {"q0": 0.0, "q1": 1.0, "q2": 2.0, "q3": 5.0, "q4": 39.0, "Variance": 23.26875344732488}, "MaxNesting": {"q0": 0.0, "q1": 0.0, "q2": 1.0, "q3": 1.0, "q4": 5.0, "Variance": 0.9966458460666958}, "AvgCyclomatic": {"q0": 0.0, "q1": 1.0, "q2": 1.0, "q3": 2.0, "q4": 9.0, "Variance": 0.9867212772618179}, "MaxCyclomatic": {"q0": 0.0, "q1": 1.0, "q2": 2.0, "q3": 3.0, "q4": 23.0, "Variance": 8.98184284670771}, "SumCyclomatic": {"q0": 0.0, "q1": 0.0, "q2": 3.0, "q3": 15.0, "q4": 83.0, "Variance": 236.68784380077815}, "CountLine": {"q0": 1.0, "q1": 9.0, "q2": 25.0, "q3": 99.0, "q4": 3262.0, "Variance": 79768.84940594208}, "CountLineBlank": {"q0": 0.0, "q1": 0.0, "q2": 4.0, "q3": 13.0, "q4": 530.0, "Variance": 1728.566155096078}, "CountLineCode": {"q0": 1.0, "q1": 8.0, "q2": 20.5, "q3": 71.0, "q4": 2573.0, "Variance": 47260.01720308285}, "CountLineCodeDecl": {"q0": 0.0, "q1": 1.0, "q2": 6.0, "q3": 20.0, "q4": 598.0, "Variance": 2789.5912404406613}, "CountLineCodeExe": {"q0": 0.0, "q1": 6.0, "q2": 12.0, "q3": 42.0, "q4": 1861.0, "Variance": 26820.367883603405}, "CountLineComment": {"q0": 0.0, "q1": 0.0, "q2": 1.0, "q3": 9.0, "q4": 442.0, "Variance": 1801.3363247417303}, "CountStmt": {"q0": 0.0, "q1": 5.0, "q2": 14.0, "q3": 50.0, "q4": 1949.0, "Variance": 24606.598321432302}, "CountDeclInstanceVariable": {"q0": 0.0, "q1": 0.0, "q2": 0.0, "q3": 2.0, "q4": 24.0, "Variance": 11.43688973032602}, "CountDeclInstanceMethod": {"q0": 0.0, "q1": 1.0, "q2": 2.0, "q3": 6.0, "q4": 255.0, "Variance": 358.0914603240858}}