{"PercentLackOfCohesion": {"q0": 0.0, "q1": 0.0, "q2": 0.0, "q3": 60.0, "q4": 95.0, "Variance": 1120.1516293211714}, "CountClassCoupled": {"q0": 0.0, "q1": 1.0, "q2": 1.0, "q3": 4.0, "q4": 16.0, "Variance": 10.237953599048188}, "MaxNesting": {"q0": 0.0, "q1": 0.0, "q2": 1.0, "q3": 2.0, "q4": 4.0, "Variance": 1.2302201070791197}, "AvgCyclomatic": {"q0": 1.0, "q1": 1.0, "q2": 1.0, "q3": 2.0, "q4": 7.0, "Variance": 1.0395928349527397}, "MaxCyclomatic": {"q0": 1.0, "q1": 1.0, "q2": 3.0, "q3": 5.0, "q4": 20.0, "Variance": 13.550003304911101}, "SumCyclomatic": {"q0": 0.0, "q1": 0.0, "q2": 5.0, "q3": 25.0, "q4": 97.0, "Variance": 417.4310265053869}, "CountLine": {"q0": 4.0, "q1": 9.0, "q2": 37.0, "q3": 138.0, "q4": 2300.0, "Variance": 94733.50743604997}, "CountLineBlank": {"q0": 0.0, "q1": 0.0, "q2": 3.0, "q3": 13.0, "q4": 339.0, "Variance": 1792.572410602155}, "CountLineCode": {"q0": 4.0, "q1": 9.0, "q2": 27.0, "q3": 97.0, "q4": 1838.0, "Variance": 57743.14971247273}, "CountLineCodeDecl": {"q0": 0.0, "q1": 2.0, "q2": 8.0, "q3": 26.0, "q4": 482.0, "Variance": 3742.745323550796}, "CountLineCodeExe": {"q0": 1.0, "q1": 6.0, "q2": 15.0, "q3": 65.0, "q4": 1330.0, "Variance": 31247.146671954524}, "CountLineComment": {"q0": 0.0, "q1": 0.0, "q2": 3.0, "q3": 22.0, "q4": 217.0, "Variance": 1655.0038997950953}, "CountStmt": {"q0": 2.0, "q1": 5.0, "q2": 19.0, "q3": 74.0, "q4": 1376.0, "Variance": 32095.140326525216}, "CountDeclInstanceVariable": {"q0": 0.0, "q1": 0.0, "q2": 1.0, "q3": 3.0, "q4": 20.0, "Variance": 17.22598982087382}, "CountDeclInstanceMethod": {"q0": 0.0, "q1": 1.0, "q2": 3.0, "q3": 8.0, "q4": 166.0, "Variance": 431.1137550399894}}