{"PercentLackOfCohesion": {"q0": 0, "q1": 0, "q2": 0, "q3": 0, "q4": 0, "Variance": "N/A"}, "CountClassCoupled": {"q0": 0, "q1": 0, "q2": 0, "q3": 0, "q4": 0, "Variance": "N/A"}, "MaxNesting": {"q0": 0, "q1": 0, "q2": 0, "q3": 0, "q4": 0, "Variance": "N/A"}, "AvgCyclomatic": {"q0": 0, "q1": 0, "q2": 0, "q3": 0, "q4": 0, "Variance": "N/A"}, "MaxCyclomatic": {"q0": 0, "q1": 0, "q2": 0, "q3": 0, "q4": 0, "Variance": "N/A"}, "SumCyclomatic": {"q0": 0, "q1": 0, "q2": 0, "q3": 0, "q4": 0, "Variance": "N/A"}, "CountLine": {"q0": 0, "q1": 0, "q2": 0, "q3": 0, "q4": 0, "Variance": "N/A"}, "CountLineBlank": {"q0": 0, "q1": 0, "q2": 0, "q3": 0, "q4": 0, "Variance": "N/A"}, "CountLineCode": {"q0": 0, "q1": 0, "q2": 0, "q3": 0, "q4": 0, "Variance": "N/A"}, "CountLineCodeDecl": {"q0": 0, "q1": 0, "q2": 0, "q3": 0, "q4": 0, "Variance": "N/A"}, "CountLineCodeExe": {"q0": 0, "q1": 0, "q2": 0, "q3": 0, "q4": 0, "Variance": "N/A"}, "CountLineComment": {"q0": 0, "q1": 0, "q2": 0, "q3": 0, "q4": 0, "Variance": "N/A"}, "CountStmt": {"q0": 0, "q1": 0, "q2": 0, "q3": 0, "q4": 0, "Variance": "N/A"}, "CountDeclInstanceVariable": {"q0": 0, "q1": 0, "q2": 0, "q3": 0, "q4": 0, "Variance": "N/A"}, "CountDeclInstanceMethod": {"q0": 0, "q1": 0, "q2": 0, "q3": 0, "q4": 0, "Variance": "N/A"}}