{"PercentLackOfCohesion": {"q0": 0.0, "q1": 0.0, "q2": 0.0, "q3": 50.0, "q4": 100.0, "Variance": 867.7782445331281}, "CountClassCoupled": {"q0": 0.0, "q1": 0.0, "q2": 0.0, "q3": 1.0, "q4": 25.0, "Variance": 4.58626805759761}, "MaxNesting": {"q0": 0.0, "q1": 0.0, "q2": 0.0, "q3": 1.0, "q4": 4.0, "Variance": 0.742257695628836}, "AvgCyclomatic": {"q0": 0.0, "q1": 1.0, "q2": 1.0, "q3": 1.0, "q4": 6.0, "Variance": 0.3095579826833765}, "MaxCyclomatic": {"q0": 0.0, "q1": 1.0, "q2": 1.0, "q3": 2.0, "q4": 11.0, "Variance": 2.2025951597470184}, "SumCyclomatic": {"q0": 0.0, "q1": 0.0, "q2": 0.0, "q3": 7.0, "q4": 67.0, "Variance": 70.21925832574856}, "CountLine": {"q0": 3.0, "q1": 8.0, "q2": 18.0, "q3": 52.0, "q4": 3801.0, "Variance": 127647.36552194918}, "CountLineBlank": {"q0": 0.0, "q1": 1.0, "q2": 2.0, "q3": 8.0, "q4": 657.0, "Variance": 3109.680949380382}, "CountLineCode": {"q0": 3.0, "q1": 8.0, "q2": 16.0, "q3": 41.0, "q4": 3023.0, "Variance": 81376.11914513759}, "CountLineCodeDecl": {"q0": 0.0, "q1": 1.0, "q2": 5.0, "q3": 15.0, "q4": 681.0, "Variance": 4509.171579266727}, "CountLineCodeExe": {"q0": 0.0, "q1": 5.0, "q2": 9.0, "q3": 23.0, "q4": 2453.0, "Variance": 52328.00032672875}, "CountLineComment": {"q0": 0.0, "q1": 0.0, "q2": 0.0, "q3": 3.0, "q4": 634.0, "Variance": 1845.665383089454}, "CountStmt": {"q0": 1.0, "q1": 5.0, "q2": 10.0, "q3": 29.0, "q4": 1823.0, "Variance": 33198.50344232071}, "CountDeclInstanceVariable": {"q0": 0.0, "q1": 0.0, "q2": 0.0, "q3": 1.0, "q4": 16.0, "Variance": 5.166118229130202}, "CountDeclInstanceMethod": {"q0": 0.0, "q1": 1.0, "q2": 2.0, "q3": 5.0, "q4": 254.0, "Variance": 499.52467968914095}}