{"PercentLackOfCohesion": {"q0": 0.0, "q1": 0.0, "q2": 0.0, "q3": 50.0, "q4": 100.0, "Variance": 948.1221925925927}, "CountClassCoupled": {"q0": 0.0, "q1": 1.0, "q2": 2.0, "q3": 5.0, "q4": 53.0, "Variance": 31.21925706447188}, "MaxNesting": {"q0": 0.0, "q1": 0.0, "q2": 1.0, "q3": 1.0, "q4": 5.0, "Variance": 1.081920438957476}, "AvgCyclomatic": {"q0": 0.0, "q1": 1.0, "q2": 1.0, "q3": 2.0, "q4": 9.0, "Variance": 1.0242545953360769}, "MaxCyclomatic": {"q0": 0.0, "q1": 1.0, "q2": 2.0, "q3": 3.0, "q4": 27.0, "Variance": 10.808550891632374}, "SumCyclomatic": {"q0": 0.0, "q1": 0.0, "q2": 1.0, "q3": 14.0, "q4": 97.0, "Variance": 262.7536899862826}, "CountLine": {"q0": 1.0, "q1": 8.0, "q2": 23.0, "q3": 93.5, "q4": 3724.0, "Variance": 89772.70603237311}, "CountLineBlank": {"q0": 0.0, "q1": 0.0, "q2": 3.0, "q3": 12.0, "q4": 590.0, "Variance": 1972.039734430727}, "CountLineCode": {"q0": 1.0, "q1": 8.0, "q2": 18.0, "q3": 66.0, "q4": 2969.0, "Variance": 53318.31632592593}, "CountLineCodeDecl": {"q0": 0.0, "q1": 1.0, "q2": 5.0, "q3": 19.0, "q4": 654.0, "Variance": 3053.258548148148}, "CountLineCodeExe": {"q0": 0.0, "q1": 5.0, "q2": 11.0, "q3": 38.5, "q4": 2206.0, "Variance": 31797.025637311388}, "CountLineComment": {"q0": 0.0, "q1": 0.0, "q2": 1.0, "q3": 8.0, "q4": 755.0, "Variance": 2572.578291358025}, "CountStmt": {"q0": 0.0, "q1": 4.0, "q2": 12.0, "q3": 48.0, "q4": 2108.0, "Variance": 25606.227388751715}, "CountDeclInstanceVariable": {"q0": 0.0, "q1": 0.0, "q2": 0.0, "q3": 2.0, "q4": 27.0, "Variance": 11.235336076817559}, "CountDeclInstanceMethod": {"q0": 0.0, "q1": 1.0, "q2": 2.0, "q3": 6.0, "q4": 270.0, "Variance": 359.70649986282575}}