{"PercentLackOfCohesion": {"q0": 0.0, "q1": 0.0, "q2": 0.0, "q3": 50.0, "q4": 100.0, "Variance": 1003.5977551020408}, "CountClassCoupled": {"q0": 0.0, "q1": 1.0, "q2": 2.0, "q3": 5.0, "q4": 48.0, "Variance": 26.665991709183672}, "MaxNesting": {"q0": 0.0, "q1": 0.0, "q2": 1.0, "q3": 1.0, "q4": 5.0, "Variance": 1.0335586734693876}, "AvgCyclomatic": {"q0": 0.0, "q1": 1.0, "q2": 1.0, "q3": 2.0, "q4": 9.0, "Variance": 0.996109693877551}, "MaxCyclomatic": {"q0": 0.0, "q1": 1.0, "q2": 2.0, "q3": 3.0, "q4": 23.0, "Variance": 9.939170918367347}, "SumCyclomatic": {"q0": 0.0, "q1": 0.0, "q2": 3.0, "q3": 14.5, "q4": 87.0, "Variance": 247.98713010204082}, "CountLine": {"q0": 1.0, "q1": 9.0, "q2": 25.0, "q3": 95.0, "q4": 3495.0, "Variance": 84131.77284438776}, "CountLineBlank": {"q0": 0.0, "q1": 0.0, "q2": 4.0, "q3": 12.0, "q4": 550.0, "Variance": 1765.1692729591837}, "CountLineCode": {"q0": 1.0, "q1": 8.0, "q2": 20.0, "q3": 69.0, "q4": 2783.0, "Variance": 51126.381221301024}, "CountLineCodeDecl": {"q0": 0.0, "q1": 1.0, "q2": 6.0, "q3": 20.5, "q4": 616.0, "Variance": 2939.2117857142857}, "CountLineCodeExe": {"q0": 0.0, "q1": 6.0, "q2": 12.0, "q3": 41.5, "q4": 2049.0, "Variance": 29620.27134885204}, "CountLineComment": {"q0": 0.0, "q1": 0.0, "q2": 1.0, "q3": 8.0, "q4": 478.0, "Variance": 1819.059234693878}, "CountStmt": {"q0": 0.0, "q1": 5.0, "q2": 13.0, "q3": 50.0, "q4": 1986.0, "Variance": 24637.15841517857}, "CountDeclInstanceVariable": {"q0": 0.0, "q1": 0.0, "q2": 0.0, "q3": 2.0, "q4": 24.0, "Variance": 11.394384566326533}, "CountDeclInstanceMethod": {"q0": 0.0, "q1": 1.0, "q2": 2.0, "q3": 6.0, "q4": 262.0, "Variance": 366.4952774234694}}