{"PercentLackOfCohesion": {"q0": 0.0, "q1": 0.0, "q2": 0.0, "q3": 50.0, "q4": 100.0, "Variance": 959.5761747416243}, "CountClassCoupled": {"q0": 0.0, "q1": 1.0, "q2": 2.0, "q3": 5.0, "q4": 52.0, "Variance": 29.16814073751873}, "MaxNesting": {"q0": 0.0, "q1": 0.0, "q2": 1.0, "q3": 2.0, "q4": 5.0, "Variance": 1.0798491080535906}, "AvgCyclomatic": {"q0": 0.0, "q1": 1.0, "q2": 1.0, "q3": 2.0, "q4": 9.0, "Variance": 0.9464984775989561}, "MaxCyclomatic": {"q0": 0.0, "q1": 1.0, "q2": 2.0, "q3": 3.0, "q4": 25.0, "Variance": 10.158762136601473}, "SumCyclomatic": {"q0": 0.0, "q1": 0.0, "q2": 3.0, "q3": 15.0, "q4": 97.0, "Variance": 268.05915615485}, "CountLine": {"q0": 1.0, "q1": 9.0, "q2": 25.0, "q3": 95.0, "q4": 3724.0, "Variance": 92538.41351820901}, "CountLineBlank": {"q0": 0.0, "q1": 0.0, "q2": 4.0, "q3": 12.0, "q4": 590.0, "Variance": 2029.1121743753322}, "CountLineCode": {"q0": 1.0, "q1": 8.0, "q2": 20.0, "q3": 68.0, "q4": 2969.0, "Variance": 54995.74992941249}, "CountLineCodeDecl": {"q0": 0.0, "q1": 1.0, "q2": 6.0, "q3": 21.0, "q4": 654.0, "Variance": 3125.1608250726867}, "CountLineCodeExe": {"q0": 0.0, "q1": 5.0, "q2": 11.0, "q3": 41.0, "q4": 2206.0, "Variance": 32700.941955439557}, "CountLineComment": {"q0": 0.0, "q1": 0.0, "q2": 1.0, "q3": 9.0, "q4": 732.0, "Variance": 2579.0823928023624}, "CountStmt": {"q0": 0.0, "q1": 4.0, "q2": 13.0, "q3": 49.5, "q4": 2108.0, "Variance": 26586.34082451308}, "CountDeclInstanceVariable": {"q0": 0.0, "q1": 0.0, "q2": 0.0, "q3": 2.0, "q4": 26.0, "Variance": 11.414940134154438}, "CountDeclInstanceMethod": {"q0": 0.0, "q1": 1.0, "q2": 2.0, "q3": 6.0, "q4": 270.0, "Variance": 377.80127133841563}}